product_id,review_text,sentiment
1649019273,"quần rách bao ngầu luôn m ơi, mặc lên cháy phố thoy 🔥",positive
1649019273,"chất jean xịn xò phết, co giãn ngon ơ, t ưng nha",positive
1649019273,"form chuẩn đét, mặc lên nhìn keo lỳ lắmmmm",positive
1649019273,"siêu cấp vip pro nha, rách nghệ vãi 💯",positive
1649019273,"mua mặc thử mà ghiền luôn, hack dáng cực kì",positive
1649019273,"quần này mix với áo oversize là đúng bài, slayyy",positive
1649019273,"giao hàng lẹ, quần y hình, okla m nha",positive
1649019273,"vải bò mềm ko bị cứng đơ đâu, mặc thích",positive
1649019273,"shop đóng gói sơ sài quá t k ưng nha",negative
1649019273,"quần hơi nhiều chỉ thừa, phải ngồi cắt mỏi tay thoy",negative
2403373830,"quần form đứng đẹp, t mặc đi học hợp lý phết",positive
2403373830,"vai day dan, k bi phai mau dau, ok",positive
2403373830,"form straight leg này hack chân dài nè, ae nên mua",positive
2403373830,"dep, giong hinh.",positive
2403373830,"vải xịn k bị nhăn nheo, mặc đi cafe chụp ảnh bao dính",positive
2403373830,"mặc thoải mái m ạ, t mua 2 cái luôn rồi",positive
2403373830,"hàng cty ngon lành, chuẩn form vãi",positive
2403373830,"giặt ko ra màu nha, điểm cộng bự chà bá",positive
2403373830,"10 đỉm k có nhưng. mặc đi làm bao lịch sự",positive
2403373830,"giao hàng mòn mỏi mới tới tay t, bực m mình",negative
2325164494,"uisss rách đúng chỗ t thích luônnn!!! đẹppppp 😍",positive
2325164494,"chất co giãn đỉnh thật sự, ko bó chit đâu nha",positive
2325164494,"hàng xuất khẩu có khác, đường may nét căng",positive
2325164494,"mua cho ny mặc ổng khen quá chừng lunnnn",positive
2325164494,"màu ở ngoài đẹp hơn trong ảnh nha ae, xịn xò",positive
2325164494,"form rộng vừa phải, mặc rất thoải mái á",positive
2325164494,"quần xịn, dáng chuẩn, t cho 5 sao thoy",positive
2325164494,"chỗ rách làm chưa kĩ lắm, t giặt máy sợ rách toạc ra",negative
2325164494,"màu nhạt hơn ảnh mạng 1 chút, hơi thất vọng nhẹ",negative
2325164494,"shipper thái độ lồi lõm quá m ạ",negative
2395884532,"quả khóa gối chiến đét m ơi, mặc đi cháy phố hợp lý",positive
2395884532,"quần thêu chữ nhìn lạ mắt phết, keo lỳ nha",positive
2395884532,"chất jean giãn ngon, mặc vận động thoải mái thoy",positive
2395884532,"mua của kaystore chả bao giờ thất vọng, đỉnh",positive
2395884532,"form tôn dáng vãi, ae nào nấm lùn mặc cũng ok",positive
2395884532,"hàng y hình, chất vải sờ đã tay",positive
2395884532,"streetwear chính hiệu là đây chứ đâu 😎",positive
2395884532,"quần bảnh đấy, mix với sneaker là chuẩn bài",positive
2395884532,"rẻ mà ngon, múc liền đi ae ơiii",positive
2395884532,"100 đỉm cho sự nhiệt tình của shop, quần quá ô kê la",positive
2339162214,"quan the thao mat me, mac di gym ok",positive
2339162214,"ống đứng dễ mặc, vải poly mượt ko bị xù lông",positive
2339162214,"túi bự chà bá, đựng đt ví tiền thoải mái m ạ",positive
2339162214,"big size mặc thoải mái, form sporty năng động phết",positive
2339162214,"quần co giãn tốt, tập thể dục nhẹ nhàng êm ái",positive
2339162214,"ngon bo re.",positive
2339162214,"m mặc đi đá phò kéo mồ hôi khô nhanh lắm",positive
2339162214,"style thể thao basic, dễ phối đồ thoy",positive
2339162214,"quần hơi mỏng so với tưởng tượng của t",negative
2339162214,"ống quần hơi dài, t phải đem đi cắt lên lai 1 xíu",negative
2264407518,"logo thêu nét căng, nhìn sang vãiiii 😭",positive
2264407518,"hàng QC chuẩn loại 1, chất jean co giãn mặc sướng",positive
2264407518,"rách nhẹ nhàng ko bị lố, màu đen lên form bao ngầu",positive
2264407518,"quần khóa kéo xịn, ko phai màu thật nha",positive
2264407518,"dạo này t chuộng mấy form này ghê, hack dáng",positive
2264407518,"chất lượng vượt quá giá tiền luônnnn",positive
2264407518,"form eo hơi rộng m ạ, t phải dùng thắt lưng",negative
2264407518,"cúc quần đóng bị lệch 1 xíu nha shop, m mốt soi kĩ dùm t",negative
2264407518,"giao nhầm size của t cmnr, lười đổi quá",negative
2264407518,"mùi vải mới hơi hắc, phải giặt mới hết",negative
1565285213,"quần baggy ống rộng mặc siêu thích, vibe y2k lù lù ra",positive
1565285213,"form loose-fitting đỉnh chóp, che khuyết điểm chân to",positive
1565285213,"màu denim vintage vãi chưởng, mặc bao keo",positive
1565285213,"quần thụng thụng street style ae ơi, múc lẹ",positive
1565285213,"mặc mát ko bị bí, vải rũ xuống form mượt lắm",positive
1565285213,"mix với baby tee là đúng bài slayyyyy 🔥",positive
1565285213,"shop tư vấn nhiệt tình, quần y hình okla",positive
1565285213,"tôn dáng phết m ạ, t thích thoy",positive
1565285213,"10/10 nha, ko có gì để chê",positive
1565285213,"giao hàng bằng ninja rùa hay gì mà lâu dữ z shop",negative
2493644582,"jean đen rách gối basic, dễ mặc",positive
2493644582,"mau ok, form chuan.",positive
2493644582,"chất co giãn nên ngồi xe ko bị cấn đùi",positive
2493644582,"dáng ôm vừa vặn, nhìn người thon gọn hơn m ạ",positive
2493644582,"hang re ma chat luong on ap",positive
2493644582,"mua về mặc đi chơi đi làm đều dc",positive
2493644582,"giặt ko bị phai màu đen đâu, yên tâm",positive
2493644582,"form lên dáng dã man, chấn bé đù luôn",positive
2493644582,"gối rách hơi to so với ảnh, t ko khoái lắm",negative
2493644582,"quần dính nhiều bụi vải đen quá, giặt mới mặc dc",negative
2456608593,"quần trơn dễ phối đồ nhất trần đờiii!!!",positive
2456608593,"chất co giãn mặc đi làm cả ngày k bị bí bách xíu nàooo 😭",positive
2456608593,"hàng xuất xịn có khác, đường may sắc nét vãi",positive
2456608593,"t mua 3 màu luôn vì mặc quá êm áiiii",positive
2456608593,"form chuẩn men, lên dáng siêu lịch lãm",positive
2456608593,"vải xịn sờ sướng tay, ko mỏng tang đâu nha",positive
2456608593,"cực recommend cho ae văn phòng nhóeeee",positive
2456608593,"xứng đáng từng đồng, shop uy tín 💯",positive
2456608593,"form quần làm chân nhìn dài ngoằng, mê",positive
2456608593,"khoét lỗ cúc chưa kĩ, t phải lấy kéo bấm lại thoy",negative
2941180833,"quần co giãn cao cấp đúng nghĩa, sờ mướt rượt m ơi",positive
2941180833,"form ống đứng hack dáng đỉnh, mặc là auto đẹp trai",positive
2941180833,"lên đồ phát slay liền, mix với áo polo là bao cháy",positive
2941180833,"chất jean k nhăn k xù, xịn xò con bò nha",positive
2941180833,"t mua lần 2 rồi, vẫn ưng cái bụng thoy",positive
2941180833,"hàng chuẩn hình, mặc đi date gái mê mệt",positive
2941180833,"keo lỳ nha, đáng tiền",positive
2941180833,"đợi hàng hơn 1 tuần, sốt ruột vãi chưởng",negative
2941180833,"size ảo m ạ, t bình thường mặc 30 mà nay phải đổi 31",negative
2941180833,"đóng gói bọc ni lông nhìn phèn phèn, xước cả tag",negative
2096887619,"quần thể thao ống xuông mặc bao mát m ơi, thoải mái cực kì",positive
2096887619,"form xuông nhìn chân dài phết, mặc đi tập hay đi chơi đều ổn nha",positive
2096887619,"vải mềm mướt, mặc vào là thích thoy, slayyy 🔥",positive
2096887619,"unisex nên t với ny mặc chung luôn, bao keo lỳ nha",positive
2096887619,"rẻ mà chất lượng ổn áp quá trời, múc lẹ đi ae",positive
2096887619,"mặc đi học thể dục bao cháy, ai cũng hỏi mua ở đâu",positive
2096887619,"okla, shop giao đúng màu đúng size t đặt",positive
2096887619,"vai hoi mong xiu nhưng mặc mùa hè thì bao phê",positive
2096887619,"đợi hàng hơi lâu, shop nên cải thiện khâu vận chuyển",negative
2096887619,"ống hơi rộng quá so với t, nhìn hơi sượng sượng",negative
1732034337,"t 85kg mặc size to nhất vẫn rộng rãi, đỉnh của chóp 💯",positive
1732034337,"jogger thể thao mà form đứng đẹp vãi, mặc ko bị lùn",positive
1732034337,"chất vải dày dặn, co giãn tốt cho mấy ông đô con",positive
1732034337,"mặc đi chạy bộ bao sướng, ko bị bí mồ hôi đâu m",positive
1732034337,"hàng xịn xò, may mặc chắc chắn, t ưng thoy",positive
1732034337,"form straight leg này che khuyết điểm chân to tốt cực",positive
1732034337,"đúng chuẩn cho người big size, kiếm mỏi mắt mới ra shop này",positive
1732034337,"giao hàng nhanh, đóng gói cẩn thận, 5 sao",positive
1732034337,"quần có mùi nhựa hơi nồng, phải giặt 2 lần mới hết",negative
1732034337,"túi quần hơi nông, để đt to dễ bị rớt ra ngoài",negative
2218178707,"jean đen trơn tanbeo shop chất denim dày vãi, chuẩn shop nha",positive
2218178707,"đen tuyền ko tì vết, mặc lên nhìn bảnh tỏn hẳn m ơi",positive
2218178707,"jean trơn basic dễ phối đồ nhất trần đời, keo lỳ nha",positive
2218178707,"form dáng cá tính, mặc vào nhìn có gu hẳn ra",positive
2218178707,"chất lượng denim cao cấp sờ mướt tay lắm, đáng tiền",positive
2218178707,"đường chỉ may nét căng, ko có tí chỉ thừa nào luôn",positive
2218178707,"mặc đi date gái khen quần đẹp hoài, khoái thoy",positive
2218178707,"vải jean mà co giãn nhẹ nên ngồi ko bị cấn, duyệt",positive
2218178707,"size hơi chật so với bảng size shop đưa, hơi buồn",negative
2218178707,"vải bám bụi quá m ơi, mặc màu đen hơi mệt vụ này",negative
2212264158,"rách gối nhìn bụi bặm vãi, đúng gu streetwear của t",positive
2212264158,"skinny nhưng co giãn cực tốt, mặc ko bị bó khó chịu đâu",positive
2212264158,"jean đen rách gối bao ngầu, mặc lên là auto slay 🔥",positive
2212264158,"vải cotton thấm hút tốt, mặc cả ngày k thấy bí",positive
2212264158,"giá rẻ mà chất lượng cao cấp thật sự, bất ngờ luôn m",positive
2212264158,"form ôm dáng, hack chân dài miên man luôn",positive
2212264158,"màu đen bền phết, giặt mấy lần chưa thấy phai",positive
2212264158,"quần chuẩn shop, đóng gói xịn xò, t cho 10 điểm",positive
2212264158,"chỗ rách gối hơi to, t sợ giặt máy nó rách thêm",negative
2212264158,"shipper giao hàng lúc t đang ngủ, gọi cháy máy sượng vãi",negative
3130562819,"poly co giãn mặc đi gym bao phê, mát rượi m ơi",positive
3130562819,"quần dài thể thao mà form đẹp như quần tây, đỉnh",positive
3130562819,"t 90kg mặc vẫn thoải mái, vải ko bị dão đâu nha",positive
3130562819,"chất vải poly cao cấp sờ mịn tay, ko xù lông",positive
3130562819,"mặc ở nhà hay đi chạy bộ đều hợp lý thoy",positive
3130562819,"vải mỏng nhẹ, khô nhanh, đi mưa ko sợ nặng quần",positive
3130562819,"màu sắc y hình, giá này thì quá rẻ cho 1 cuộc tình",positive
3130562819,"đúng chuẩn form cho người đô con, t ưng cái bụng",positive
3130562819,"dây chun quần hơi lỏng, t phải thắt nút lại cho chắc",negative
3130562819,"giao hàng bị nhầm size, may mà shop cho đổi lẹ",negative
3169732274,"quần kaki túi hộp cho bé đẹp xỉu, nhìn như người lớn thu nhỏ",positive
3169732274,"vải kaki dày dặn, con t mặc đi học bao bảnh",positive
3169732274,"form túi hộp trendy vãi, mấy bé mặc lên nhìn năng động cực",positive
3169732274,"chất vải ko bị cứng, con mặc chạy nhảy thoải mái thoy",positive
3169732274,"đúng mẫu z đang hot nha, sắm cho con là chuẩn bài",positive
3169732274,"size 18-52kg chuẩn nha, t mua cho con 30kg vừa in",positive
3169732274,"màu kaki nhã nhặn, phối với sơ mi hay áo thun đều okla",positive
3169732274,"shop tư vấn size có tâm, quần đẹp y hình",positive
3169732274,"nút quần hơi lỏng, con t mặc xíu là tuột, sượng ghê",negative
3169732274,"vải hơi dễ nhăn, giặt xong phải ủi mới đẹp dc",negative
2244825901,"túi có khóa kéo bao tiện luôn, ko sợ rớt đồ lúc tập",positive
2244825901,"vải poly mặc mát lạnh, đúng chất quần thể thao xịn",positive
2244825901,"big size mặc thoải mái cực, t béo bụng vẫn vừa nha",positive
2244825901,"form quần gọn gàng, mặc lên nhìn ko bị luộm thuộm",positive
2244825901,"hàng xịn, đường may chắc chắn, ko sợ bục chỉ",positive
2244825901,"giao hàng nhanh như chớp, mới đặt hôm trước hôm sau có",positive
2244825901,"mặc đi đá bóng hay đi cafe đều ổn áp thoy",positive
2244825901,"giá rẻ mà chất lượng poly này là quá ngon rồi",positive
2244825901,"khóa kéo thỉnh thoảng bị kẹt, t phải bôi nến vào",negative
2244825901,"màu ở ngoài hơi tối hơn trong ảnh 1 tông",negative
2212097793,"loang màu đúng chất boy phố luôn m ơi, ngầu đét 🔥",positive
2212097793,"rách khóa gối bao chiến, mặc đi chơi là hết nước chấm",positive
2212097793,"skinny nhưng chất bò co giãn nên mặc thoải mái lắm",positive
2212097793,"mẫu mới tanbeo shop chưa bao giờ làm t thất vọng, keo lỳ",positive
2212097793,"màu loang nhìn nghệ vãi chưởng, mặc bao cháy phố",positive
2212097793,"form ôm dáng cực chuẩn, hack chân dài miên man",positive
2212097793,"vải dày dặn, chất lượng cao cấp, t cho 10 đỉm",positive
2212097793,"quần bảnh, mặc lên nhìn có gu hẳn ra m ạ",positive
2212097793,"vải mới có mùi hơi hắc, t phải ngâm xả mới hết",negative
2212097793,"mấy cái xích ở khóa gối kêu hơi ồn lúc đi bộ",negative
2212107783,"thêu chữ nhìn tinh tế vãi, ko bị sến đâu m",positive
2212107783,"chất bò đen xịn xò, co giãn mặc sướng cái chân thoy",positive
2212107783,"boy phố chính hiệu là phải múc ngay em này nha ae",positive
2212107783,"form quần chuẩn, mặc lên nhìn cao ráo bảnh trai hẳn",positive
2212107783,"vải dày dặn, giặt máy k bị mất form hay xù lông",positive
2212107783,"chữ thêu sắc nét, nhìn sang chảnh vãi lúa 😭",positive
2212107783,"mix với sơ mi trắng là bao keo lỳ luôn m ơi",positive
2212107783,"hàng tanbeo shop uy tín, đóng gói đẹp, giao lẹ",positive
2212107783,"chữ thêu bên trong hơi bị ngứa da t xíu",negative
2212107783,"size hơi ảo, t mặc chật đùi quá phải đổi size",negative
3196140412,"jifanpaul chất denim giãn mặc đi làm cả ngày ko mỏi",positive
3196140412,"vừa lịch sự đi làm vừa thoải mái đi chơi, đa năng cực",positive
3196140412,"chất vải denim xịn, đứng form, mặc lên nhìn sang trọng",positive
3196140412,"quần co giãn tốt, vận động thoải mái ko bị gò bó",positive
3196140412,"đúng chuẩn hàng jifanpaul, chất lượng ko có gì chê",positive
3196140412,"form quần chuẩn men, mặc vào nhìn chững chạc hẳn",positive
3196140412,"màu sắc bền đẹp, giặt nhiều lần vẫn như mới nha m",positive
3196140412,"đáng đồng tiền bát gạo, ae nên sắm 1 cái thoy",positive
3196140412,"giá hơi cao so với mặt bằng chung nhưng xắt ra miếng",negative
3196140412,"ship hàng quốc tế đợi mòn mỏi luôn, sượng sượng",negative
3191816303,"mình mua cho cu em đi học thể dục, nó khen vải poly mát lắm m ạ, co giãn 4 chiều chạy nhảy bao phê luôn 🏃‍♂️💨",positive
3191816303,"quần 3 sọc quốc dân cho học sinh nè, rẻ mà bền vãi, ta thấy giặt máy hoài ko thấy sứt chỉ miếng nào luôn á 💯",positive
3191816303,"xanh đen nhìn sạch, form vừa vặn cho mấy đứa cấp 2 cấp 3, okla phết",positive
3191816303,"mình thấy vải hơi mỏng xíu nhưng được cái mát, mặc mùa hè là đúng bài thoy",positive
3191816303,"vừa khít luôn, shipper giao hàng lẹ như chớp, keo lỳ nha shop ơi 😍",positive
3191816303,"chất lượng ổn so với giá tiền, mình sẽ ủng hộ shop dài dài",positive
3191816303,"mặc đi đá banh hay đi học đều ổn áp, m nên mua nha",positive
3191816303,"form hơi ôm so với tưởng tượng của mình, chắc tại t đùi to quá",negative
3191816303,"đường may ở đáy quần hơi ẩu, mình phải đem ra tiệm sửa lại chút thoy 😤",negative
3191816303,"giao nhầm size cho mình rồi shop ơi, làm ăn sượng sùng quá đi",negative
538080458,"mình thấy cái form baggy này chuẩn hot trend 2025 luôn m ơi, mặc vào nhìn sành điệu vãi chưởng lù lù ra 👖✨",positive
538080458,"lưng thun cạp chun bao sướng, ăn no ko lo tức bụng, t cực kì recommend cho mấy đứa hay đi ăn buffet như t nha lol",positive
538080458,"jean xanh mẫu này phối với croptop là bao slay, mình cực thích cái vibe này luôn á 💅",positive
538080458,"chất bò xịn mịn, form rộng thoải mái mặc hè bao mát m ạ",positive
538080458,"tokyo fashion chưa bao giờ làm mình thất vọng, quần quá đẹp 10 đỉm",positive
538080458,"ta thấy mặc em này đi cafe sống ảo là bao dính, hack dáng cực kì",positive
538080458,"màu jean đẹp y hình, vải dày dặn cầm sướng tay vãi",positive
538080458,"quần đẹp, giao nhanh.",positive
538080458,"size ảo quá m ơi, mình mặc bị rộng thùng thình nhìn như bơi trong quần ý 😭",negative
538080458,"mùi vải mới nồng quá, mình phải ngâm nước xả 3 lần mới hết mùi, sượng thật sự",negative
3133479106,"ice silk mát lạnh luôn m ơi, mặc ở nhà bao phê, thoáng khí cực kì ko bị bí bách đâu ❄️🩲",positive
3133479106,"mình thấy bonnie cathy làm đồ lót nam đỉnh thật sự, vải mướt rượt như da em bé vậy á",positive
3133479106,"rộng rãi thoải mái, mặc như ko mặc, t ưng thoy",positive
3133479106,"quần short mặc ở nhà bao dính, vải nhẹ tênh à",positive
3133479106,"ta thấy mua combo này quá hời, chất lượng hơn hẳn mấy loại ngoài chợ",positive
3133479106,"mát lạnh tê người.",positive
3133479106,"vải ice silk này mặc mùa hè đúng là cứu cánh luôn, mình mua cho cả nhà luôn rồi",positive
3133479106,"đóng gói xịn xò, giao hàng lẹ, 5 sao cho shop",positive
3133479106,"quần mỏng quá m ạ, mặc đi ra đường là lộ hết hàng họ, ngại chết mất 🙈",negative
3133479106,"giặt máy xong nó bị giãn ra nhìn chán đời vãi, phí tiền thoy",negative
1894283150,"baggy jean blue black màu này lạ vãi, đậm chất seoul stylish luôn m ơi, mặc vào nhìn bảnh tỏn hẳn 😎",positive
1894283150,"mình thấy dubai fashion thiết kế form này hack chân dài miên man, phối với sneaker là đúng bài luôn",positive
1894283150,"vibe hàn quốc xịn xò, t mặc đi chơi ai cũng hỏi mua ở đâu, slay quá",positive
1894283150,"chất bò dày dặn, ko phai màu, mình cực ưng cái kiểu rách nhẹ này",positive
1894283150,"form baggy mặc thoải mái, ko gò bó, chuẩn style 2024 nha ae",positive
1894283150,"ta thấy mẫu này xứng đáng là hot trend, màu sắc phối đồ bao cháy",positive
1894283150,"quần xịn, giá rẻ.",positive
1894283150,"mặc lên nhìn có gu hẳn ra, mình sẽ giới thiệu cho bạn bè",positive
1894283150,"shop giao hàng thiếu cho mình, gọi hotline thì ko ai nghe máy, làm ăn kiểu gì vậy 😡",negative
1894283150,"cúc quần lỏng lẻo quá, mình vừa mặc vào đã tuột ra, sượng sùng vãi",negative
2181023455,"quần jean trơn basic dễ phối đồ nhất trần đời, mình mặc đi làm hàng ngày bao lịch sự luôn m ạ 👔",positive
2181023455,"chất vải co giãn tốt, vận động thoải mái ko bị bí, hàng công ty xuất khẩu có khác xịn vãi",positive
2181023455,"mình thấy quần này đáng đồng tiền bát gạo, form đứng đẹp ko bị nhăn",positive
2181023455,"plain jeans nhưng mặc lên ko hề bị già, nhìn vẫn trẻ trung năng động thoy",positive
2181023455,"ta thấy đường may rất chắc chắn, mặc cả năm chắc chưa hỏng đâu",positive
2181023455,"vải jean xịn sờ sướng tay cực, m nên múc 1 cái nha",positive
2181023455,"form chuẩn men, lên dáng bao bảnh",positive
2181023455,"quần tốt, giá ok.",positive
2181023455,"màu ở ngoài hơi tối hơn trong ảnh, mình nhìn ko ưng lắm, hơi thất vọng",negative
2181023455,"ship hàng lâu quá trời luôn, đợi mòn mỏi mới thấy mặt mũi cái quần",negative
3196709456,"jifanpaul bền vãi chưởng, t mặc cày cuốc cả năm mà form vẫn đứng đẹp như mới mua luôn á 🏗️👖",positive
3196709456,"mình thấy chất denim này co giãn vừa phải, mặc đi làm cả ngày ko thấy mỏi mệt gì luôn",positive
3196709456,"straight leg hack dáng chân thẳng tắp, mình cực kì hài lòng với em này",positive
3196709456,"ta thấy hiệu này uy tín từ xưa rồi, vải dày dặn mặc bao bền",positive
3196709456,"đàn ông mặc form này nhìn chững chạc bảnh trai hẳn ra m ạ",positive
3196709456,"quần xịn, chuẩn form.",positive
3196709456,"vải mềm mại ko bị thô cứng, mặc vào thoải mái cực kì",positive
3196709456,"đúng là tiền nào của nấy, chất lượng miễn bàn luôn 💯",positive
3196709456,"túi quần hơi nhỏ, mình bỏ cái iphone pro max vào là nó lòi ra ngoài, sượng vãi",negative
3196709456,"cửa quần (khóa kéo) thỉnh thoảng bị kẹt, mình kéo mãi ko lên bực cả mình",negative
2952811943,"molan mặc casual đi cafe là bao dính m ơi, form loose casual rộng rãi nhìn chill vãi luôn ☕",positive
2952811943,"mình thấy kiểu straight-leg này cực dễ phối đồ, mặc với áo phông hay hoodie đều ổn áp",positive
2952811943,"loose style mặc thoải mái, ko lo lộ khuyết điểm chân, mình cực ưng",positive
2952811943,"ta thấy vải jean của molan khá mượt, mặc lên form nhẹ nhàng",positive
2952811943,"style đường phố chính hiệu, keo lỳ nha shop ơi",positive
2952811943,"quần rộng mặc sướng, màu sắc y hình thoy",positive
2952811943,"form chuẩn, vải đẹp.",positive
2952811943,"mình rất hài lòng với trải nghiệm mua hàng lần này, shop nhiệt tình",positive
2952811943,"vải hơi mỏng so với các hãng jean khác, mình sợ giặt vài lần là nhão",negative
2952811943,"giao hàng bị rách một lỗ nhỏ ở gấu quần, sượng sùng ghê luôn",negative
3288758301,"màu ocean blue này nhìn lạ mắt mà sang vãi, mình mặc đi biển chụp ảnh là bao cháy máy 🌊🔥",positive
3288758301,"chất lượng ccb pants k-08 đúng là loại 1 có khác, vải dày mịn, đường kim mũi chỉ nét căng",positive
3288758301,"mình cực kì thích cái tông xanh này, phối với áo trắng nhìn thanh lịch cực",positive
3288758301,"ta thấy mặc em này đi làm hay đi tiệc đều ổn, form dáng cực sang",positive
3288758301,"high-quality đúng như quảng cáo, mình sẽ mua thêm màu khác",positive
3288758301,"quần đẹp, màu sang.",positive
3288758301,"vải mặc mát, ko bị bí mồ hôi, mình ưng cái bụng thoy",positive
3288758301,"đóng gói chuyên nghiệp, giao hàng đúng hẹn, tuyệt vời",positive
3288758301,"ống quần hơi dài quá so với mình, phải tốn thêm tiền đi cắt gấu, sượng ghê",negative
3288758301,"vải dễ bám bụi bẩn quá m ạ, mặc xíu là nhìn bẩn bẩn chán đời vãi",negative
2368999481,"quần 3 sọc ap21 mặc đi tập gym bao phê, 2 túi bên túi nào cũng to đựng đồ thoải mái m ơi 🏋️‍♂️",positive
2368999481,"mình thấy vải poly này co giãn tốt, mình 65kg mặc size to nhất vẫn rộng rãi",positive
2368999481,"style thể thao năng động, mặc đi chạy bộ hay đi chơi đều okla nha",positive
2368999481,"ta thấy rẻ mà chất lượng xịn xò như này là quá hời rồi ae ơi",positive
2368999481,"quần mát, co giãn tốt.",positive
2368999481,"form xuông nhìn chân dài phết, mặc vào nhìn như idol thể thao thoy",positive
2368999481,"màu đen 3 sọc trắng basic ko bao giờ lỗi mốt, mình cực thích",positive
2368999481,"giao hàng nhanh, đóng gói cẩn thận, 10 đỉm cho shop",positive
2368999481,"vải hơi bóng quá nhìn hơi sến, mình ko khoái kiểu này lắm",negative
2368999481,"chun quần bị lỏng, mình mặc chạy bộ mà nó cứ tuột xuống, sượng sùng vãi",negative
1895422149,"ta thấy phong cách đường tăng thiền tu này độc lạ bình dương luôn á, vải lụa thêu hoa nhìn sang xịn mịn vãi 🌸🧘‍♂️",positive
1895422149,"mình mặc bộ này đi chùa hay đi cafe thiền là bao hợp vibe luôn m ơi, lụa mát rượi sờ vào sướng cực",positive
1895422149,"style sườn xẻ nhìn cá tính vãi, hoa văn thêu tinh tế ko bị sến nha",positive
1895422149,"mùa hè mặc lụa này là đúng chân ái, mình thấy nhẹ tênh như ko mặc gì",positive
1895422149,"phong cách thiền tu nhưng vẫn rất thời trang, keo lỳ nha shop ơi",positive
1895422149,"lụa xịn, thêu đẹp.",positive
1895422149,"mình cực kì hài lòng với thiết kế này, mặc lên nhìn thư thái hẳn ra",positive
1895422149,"đóng gói đẹp như quà tặng, shop rất có tâm luôn",positive
1895422149,"vải lụa mỏng quá m ạ, đứng dưới nắng là nhìn xuyên thấu luôn, sượng chết mất",negative
1895422149,"đường xẻ sườn hơi cao, mình ngồi xuống là lộ hết cả đùi, ngại quá trời",negative
2023862391,"vá gối nhìn lạ mắt mà bảnh lắm m ơi, mặc lên đúng chất dân chơi luôn á 🔥",positive
2023862391,"ta thấy quần jean của kaystore vải bò co giãn sướng cái chân vãi, múc đi ae",positive
2023862391,"màu đen trơn dễ phối đồ, rách nhẹ nhàng ko bị lố, keo lỳ nha shop ơi 😍",positive
2023862391,"mình thấy form quần chuẩn đét, mặc đi cafe sống ảo bao cháy máy luônnnn",positive
2023862391,"vải dày dặn mà co giãn ngon ơ, đúng là tiền nào của nấy thoy",positive
2023862391,"hàng y hình, đóng gói xịn xò như quà tặng luôn, m nên mua nhóe",positive
2023862391,"mình cực thích kiểu vá gối này, nhìn cá tính vãi chưởng",positive
2023862391,"quần đẹp, chất lượng ổn.",positive
2023862391,"giao hàng hơi lâu m ạ, t đợi muốn mòn mỏi luôn mới thấy mặt cái quần 😤",negative
2023862391,"cái miếng vá gối may hơi bị lệch 1 xíu, mình nhìn hơi sượng sượng",negative
2326403172,"jean short mặc mùa hè bao mát luôn m ơi, chuẩn basic dễ mặc cực kì ☀️🩳",positive
2326403172,"mình mua giá sỉ mà chất lượng cao cấp vãi, form standard mặc lên bao bảnh",positive
2326403172,"tiện lợi thoải mái, mặc ở nhà hay đi dạo phố đều okla nha ae",positive
2326403172,"ta thấy vải jean này bền, giặt máy hoài ko thấy phai màu hay sờn vải gì hết",positive
2326403172,"đẹp, sang, múc lẹ.",positive
2326403172,"quần mặc sướng, rộng rãi ko gò bó, t cho 5 sao thoy",positive
2326403172,"vải đẹp mịn màng, túi quần sâu đựng đồ thoải mái m ạ",positive
2326403172,"mình hài lòng cực kì, shop tư vấn size chuẩn đét luôn",positive
2326403172,"đóng gói hơi bị rách cái bọc bên ngoài, mình nhìn hơi mất thiện cảm xíu",negative
2326403172,"giao nhầm mẫu cho mình rồi shop ơi, làm ăn gì sượng sùng vậy trời 😡",negative
2212024770,"loang màu đúng chất tanbeo shop luôn m ơi, nhìn nghệ vãi chưởng 🎨👖",positive
2212024770,"mình thấy vải denim cao cấp sờ mướt tay vãi, thêu logo nhìn sang xịn mịn cực",positive
2212024770,"đen trơn loang nhẹ nhìn bảnh tỏn hẳn, mặc lên là auto slay nha ae",positive
2212024770,"ta thấy form dáng skinny ôm vừa vặn, hack chân dài miên man luôn á",positive
2212024770,"vải dày dặn cầm chắc tay, chất lượng đúng chuẩn shop xịn nhóe",positive
2212024770,"keo lỳ nha, mẫu mới này đỉnh thiệt sự, m nên mua",positive
2212024770,"màu loang lạ mắt, phối đồ bao cháy phố luôn m ạ",positive
2212024770,"mình mua lần 2 rồi vẫn ưng cái bụng, shop uy tín 💯",positive
2212024770,"mùi vải mới hơi hắc, mình phải ngâm nước xả 2 lần mới hết mùi, sượng ghê",negative
2212024770,"ship hàng chậm như ninja rùa vậy á, mình đợi phát bực luôn",negative
1107310209,"short jeans dài qua đầu gối mặc bao mát m ơi, đúng style đơn giản t tìm 👟",positive
1107310209,"mình thấy vải cứng ko giãn nhưng mặc lại rất thoải mái, ko bị bí bách đâu",positive
1107310209,"phong cách hcm chuẩn thời trang luôn á, phối với sneaker nhìn bao bảnh",positive
1107310209,"ta thấy mặc em này đi chơi hay đi cafe đều ổn áp, keo lỳ nha",positive
1107310209,"đơn giản mà đẹp, mình cực thích cái chất jean này",positive
1107310209,"vải jean xịn, đứng form, mặc lên nhìn chững chạc hẳn ra",positive
1107310209,"quần tốt, giá ok.",positive
1107310209,"giao hàng nhanh như chớp, mình mới đặt hôm trước hôm sau đã có rồi",positive
1107310209,"vải hơi thô ráp quá m ạ, mình mặc vào thấy hơi ngứa da xíu, sượng thật",negative
1107310209,"size hơi nhỏ so với bảng size shop đưa, mình mặc bị chật đùi, buồn thoy",negative
2212291342,"rách gối xước nhẹ nhìn cá tính vãi m ơi, 2 màu trắng đen màu nào cũng keo ⚪⚫",positive
2212291342,"mình thấy vải denim cao cấp đúng chuẩn form luôn, mặc lên nhìn sang trọng cực",positive
2212291342,"thiết kế rách gối nhẹ nhàng ko bị lố, mặc đi chơi là bao cháy phố",positive
2212291342,"ta thấy mẫu này xứng đáng là hot trend luôn á, chất lượng miễn bàn",positive
2212291342,"mình mua màu trắng mặc lên nhìn công tử vãi, ai cũng khen hết trơn",positive
2212291342,"vải đẹp đứng dáng, đường may sắc nét vãi chưởng luôn 💯",positive
2212291342,"quần xịn xò, giá rẻ.",positive
2212291342,"mặc vào thấy tự tin hẳn, mình sẽ ủng hộ shop dài dài thoy",positive
2212291342,"màu trắng hơi dễ bám bẩn quá m ạ, mình mặc đi xíu là thấy dơ rồi, sượng ghê",negative
2212291342,"khóa kéo thỉnh thoảng bị kẹt, mình phải dùng nến bôi vào mới trơn dc",negative
2041372505,"wide leg jeans mặc bao chill luôn m ơi, form rộng thoải mái vibe unisex đỉnh 🌊",positive
2041372505,"mình thấy chất denim h90 ko giãn nhưng mặc rất sướng, ko bị nhăn hay phai màu",positive
2041372505,"high quality đúng như quảng cáo, chống nhăn cực tốt luôn á ae",positive
2041372505,"ta thấy mặc em này phối với áo thun rộng là đúng bài street style thoy",positive
2041372505,"keo lỳ nha, mặc vào nhìn như idol hàn quốc vậy á m",positive
2041372505,"form chuẩn, vải đẹp.",positive
2041372505,"vải dày dặn đứng form, mặc đi học hay đi chơi đều bao dính luôn",positive
2041372505,"mình rất hài lòng với mẫu h90 này, sẽ mua thêm màu khác",positive
2041372505,"ống quần to quá m ạ, mình mặc vào nhìn như đang bơi trong quần, sượng vãi",negative
2041372505,"giao hàng bị chậm 3 ngày so với dự kiến, làm mình lỡ việc, bực thoy",negative
2242302041,"vá trắng rách gối nhìn năng động vãi m ơi, lên form cực trẻ trung luôn 🔥",positive
2242302041,"mình thấy vải bò co giãn cao cấp mặc sướng cái chân cực, đúng hàng ax77 store",positive
2242302041,"mẫu mới này bảnh tỏn vãi, phối với giày cao cổ là bao cháy phố nha",positive
2242302041,"ta thấy quần form chuẩn, mặc vào nhìn chân dài miên man luôn á m",positive
2242302041,"chất lượng ổn áp, đường may kĩ càng, mình cho 10 đỉm luôn",positive
2242302041,"keo nha, mặc đi date gái mê mệt luôn m ạ lol",positive
2242302041,"vải dày dặn ko phai màu, mình cực kì ưng ý",positive
2242302041,"quần đẹp, giá tốt.",positive
2242302041,"miếng vá trắng hơi bị lỏng lẻo, mình sợ giặt vài lần là nó rớt ra ngoài",negative
2242302041,"size chật quá m ơi, mình bình thường mặc 30 mà nay mặc 30 ko vừa, sượng ghê",negative
3235961268,"quần trắng slim fit mặc bao thanh lịch luôn m ơi, vibe mùa hè rực rỡ 🤍✨",positive
3235961268,"mình thấy chất vải casual long pants này mặc mát, ko bị bí mồ hôi đâu",positive
3235961268,"straight leg hack dáng chân thẳng tắp, mình cực hài lòng với mẫu youth popular này",positive
3235961268,"ta thấy khóa kéo zipper closure rất xịn, trơn tru ko bị kẹt miếng nào",positive
3235961268,"trắng tinh khôi, mặc đi biển chụp ảnh là bao cháy máy luôn m ạ",positive
3235961268,"form chuẩn, vải mịn.",positive
3235961268,"mid waist mặc thoải mái ko bị cấn bụng, đúng chuẩn thời trang mùa hè",positive
3235961268,"đóng gói đẹp, giao hàng đúng hẹn, 5 sao cho shop",positive
3235961268,"vải hơi mỏng quá m ạ, mặc đồ lót đậm màu là bị lộ hết trơn, ngại sượng sùng",negative
3235961268,"size ống quần hơi ôm quá so với chân mình, mặc hơi khó chịu chút thoy",negative
3169696608,"quần kaki túi hộp cho bé mẫu eag đẹp xỉu, nhìn bảnh tỏn như người lớn thu nhỏ luôn 👶🎒",positive
3169696608,"mình thấy vải kaki dày dặn, con mình mặc đi học bao bền bao ngầu nha m",positive
3169696608,"túi hộp trendy vãi, mấy bé trai mặc lên nhìn năng động cực kì luôn",positive
3169696608,"ta thấy mẫu này chuẩn school pants, màu sắc nhã nhặn dễ phối đồ thoy",positive
3169696608,"size 18-52kg chuẩn nha, mình mua cho bé 25kg mặc vừa in luôn nè",positive
3169696608,"vải mịn ko kích ứng da bé, mình cực kì yên tâm",positive
3169696608,"quần xinh, giá rẻ.",positive
3169696608,"shop giao hàng nhanh, tư vấn nhiệt tình, 10 đỉm cho chất lượng",positive
3169696608,"cái cúc quần hơi khó đóng m ạ, con mình ko tự làm dc, sượng ghê",negative
3169696608,"màu ở ngoài hơi tối hơn trong hình một chút, mình ko ưng lắm thoy",negative
811444942,"jogger thun da cá mặc bao mát m ơi, bigsize cho người đô con như mình 🦈💪",positive
811444942,"mình thấy vải nỉ này co giãn tốt, mặc tập thể thao hay đi chơi đều okla",positive
811444942,"unisex nên t với người yêu mặc cặp luôn, bao keo lỳ nha shop ơi",positive
811444942,"ta thấy form jogger hack dáng chân thon gọn phết, mặc vào nhìn năng động thoy",positive
811444942,"vải dày dặn ko xù lông, mình giặt máy mấy lần rồi vẫn ngon lành",positive
811444942,"quần tốt, mát.",positive
811444942,"đúng chuẩn hàng bigsize mình tìm bấy lâu, mặc thoải mái cực kì luôn m ạ",positive
811444942,"giao hàng nhanh, đóng gói cẩn thận, 5 sao cho shop nhóe",positive
811444942,"ống quần hơi dài so với mình, phải tốn tiền đi lên lai lại, sượng ghê",negative
811444942,"dây rút quần hơi ngắn, mình thắt nút lại thấy hơi khó khăn chút thoy",negative
2294846254,"quần thêu chữ đúng đỉnh luôn m ơi, mặc lên nhìn chiến vãi 🔥",positive
2294846254,"chất jean co giãn tốt mặc sướng cái chân thoy, mình cực ưng nhé",positive
2294846254,"form chuẩn, rách nhẹ nhàng nhìn cá tính ghê, slay quá 💅",positive
2294846254,"ta thấy mẫu atc77shop này bảnh tỏn vãi, phối với sneaker bao cháy máy luôn á",positive
2294846254,"mình mua lần đầu mà kết luôn, vải dày dặn xịn xò cực kì",positive
2294846254,"đẹp nha quý dị, cho shop 10 đỉm vì sự keo lỳ này 💯",positive
2294846254,"form dáng trẻ trung, hack chân dài miên man luôn á m, mê",positive
2294846254,"vải sờ mướt tay, k phai màu, t hài lòng cực kì thoy",positive
2294846254,"giao hàng chậm quá shop ơi, mình đợi mòn mỏi luôn, sượng ghê 😤",negative
2294846254,"đường chỉ thêu hơi bị xơ, mình nhìn hơi sượng sùng xíu m ạ",negative
2334951924,"xem video thật xong mới dám múc, nhận hàng y xì luôn m ạ, vẩy sơn nhìn nghệ vãi 🎨👖",positive
2334951924,"slimfit mà co giãn tốt nên mặc ko bị bó khó chịu đâu, mình thấy rất ổn áp thoy",positive
2334951924,"jean đen rách kiểu này phối đồ bao cháy, bảnh tỏn cực kì luôn m ơi",positive
2334951924,"ta thấy rẻ mà chất lượng xịn như này là quá hời cho 1 cuộc tình luôn á 💯",positive
2334951924,"mình mặc đi chơi ai cũng hỏi quần mua ở đâu, slay quá trời đất ơi 😍",positive
2334951924,"vải mềm, form chuẩn, giặt ko ra màu đen đâu nha ae, yên tâm múc",positive
2334951924,"shop đóng gói kỹ, giao lẹ như chớp, okla lắm luôn shop ơi",positive
2334951924,"mặc lên nhìn năng động hẳn ra, đúng mẫu hot 26/9 luôn á, dính vãi",positive
2334951924,"quần đẹp, chất jean tốt, mình rất thích thoy",positive
2334951924,"vải hơi mỏng so với tưởng tượng của mình, cảm giác hơi sượng sùng nhẹ",negative
2212019785,"khoa keo rach goi ngau vãi m ơi, logo thêu nét căng nhìn sang xịn mịn nha 🤘✨",positive
2212019785,"vai dep, co gian tot, mac thich lam.",positive
2212019785,"minh thay mac di choi bao cháy, keo lỳ phết m ạ",positive
2212019785,"logo thieu dep, form chuan, t ung thoy nha",positive
2212019785,"jean den dep y hinh, hack dang cực kì luôn á trời 😭",positive
2212019785,"ta thay hang tanbeo shop uy tin vãi, 5 sao cho chất lượng",positive
2212019785,"mac thoai mai cực, phối đồ bao dính cho ae boy phố",positive
2212019785,"size hoi chat, m nên mua size lon hon nha, t mặc hơi kích",negative
2212019785,"giao lau vãi chưởng, t đợi mãi mới thấy mặt cái quần, sượng vãi",negative
2212019785,"khoá kéo hơi bị rít, mình kéo lên kéo xuống thấy sượng ghê luôn á 😤",negative
2493162755,"ôi mẹ ơi quần đẹp xỉu ngang luôn á m, rách gối nhìn chất vãi lúa 😭👖",positive
2493162755,"mình thấy form quần chuẩn không cần chỉnh luôn, mặc vào là auto đẹp trai thoy",positive
2493162755,"màu đen xanh nhìn lạ mà sang vãi, t cực kì hài lòng luôn á shop",positive
2493162755,"co giãn bao phê, ngồi xuống đứng lên ko bị cấn đùi, keo lỳ nha shop ơi 😍",positive
2493162755,"ta thấy giá tốt mà chất jean xịn thế này là quá tuyệt vời luôn m ạ",positive
2493162755,"đẹp xuất sắccccc, giao hàng nhanh như một cơn gió vậy á m ơi",positive
2493162755,"đóng gói đẹp như quà tặng, shop rất có tâm luôn á trời, 10 đỉm",positive
2493162755,"mặc lên nhìn chân dài miên man, hack dáng đỉnh của chóp luôn",positive
2493162755,"chỗ rách gối hơi bị to quá, mình cúi xuống là hở hết cả chân, sượng ghê 🙈",negative
2493162755,"mùi vải mới hắc quá m ơi, mình ngửi mà nhức cả đầu luôn á, sượng vãi",negative
2823588020,"dsq khuyết tật vẩy sơn nhìn bụi bặm vãi, đúng gu streetwear của t m ơi 🔥🎨",positive
2823588020,"mình thấy chất jean dày mà mềm cực, mặc sướng cái chân vãi chưởng luôn á",positive
2823588020,"form chuẩn shop, rách vẩy sơn nhìn nghệ thuật vãi lúa, keo lỳ nha",positive
2823588020,"ta thấy mặc em này đi trà đá hay đi quẩy là bao cháy máy luôn á m",positive
2823588020,"vải co giãn tốt, mặc thoải mái ko bị bí, t ưng thoy nha",positive
2823588020,"hàng y hình, bảnh tỏn cực kì, m nên múc 1 cái về mà diện",positive
2823588020,"đường may nét căng, ko thấy tí chỉ thừa nào luôn, xịn xò phết",positive
2823588020,"màu xanh denim đẹp, phối với áo thun trắng là chuẩn bài boy phố",positive
2823588020,"quần bảnh, giá ok, mình sẽ giới thiệu cho mấy đứa bạn",positive
2823588020,"giao nhầm size cho mình rồi, t bực mình vãi sượng sùng ghê luôn shop 😡",negative
2799616706,"mình thấy quần straight-leg này form rất chuẩn, vải cotton mềm mại mặc thoải mái lắm ạ 🌿👖",positive
2799616706,"ta thấy chất denim dày dặn, đứng form, rất thích hợp mặc đi làm hàng ngày thoy",positive
2799616706,"quần đẹp y hình, đóng gói cẩn thận, mình đánh giá 5 sao cho shop nhóe",positive
2799616706,"vải cotton thấm hút mồ hôi tốt, mặc mùa hè ko bị nóng, rất hài lòng",positive
2799616706,"form thẳng hack dáng chân cực tốt, mình mặc vào nhìn cao ráo hẳn ra",positive
2799616706,"màu sắc nhã nhặn, dễ phối đồ, đúng chuẩn hàng cao cấp thoy m ạ",positive
2799616706,"giao hàng đúng hẹn, shipper nhiệt tình, mình sẽ quay lại ủng hộ tiếp",positive
2799616706,"chất jean xịn, giặt máy ko bị mất form, rất đáng đồng tiền bát gạo luôn",positive
2799616706,"quần tốt, chuẩn size, mặc vào thấy tự tin hẳn",positive
2799616706,"mình mua tặng chồng mà ổng khen suốt, cảm ơn shop nhiều nhé ✨",positive
2219547877,"phối chữ nổi amiri nhìn chảnh vãi m ơi, đúng chất dân chơi boy phố luôn á ✨⚡",positive
2219547877,"mình thấy form skinny ôm dáng chuẩn, rách gối nhìn bao keo luôn m",positive
2219547877,"chất bò cao cấp co giãn mặc sướng cực, ko bị gò bó đâu m ạ",positive
2219547877,"ta thấy mẫu atc77 shop này thiết kế quá đỉnh, phối đồ bao slay luôn",positive
2219547877,"màu jean đẹp, chữ nổi thêu chắc chắn ko sợ bong tróc đâu nha ae",positive
2219547877,"mặc lên nhìn bảnh tỏn hẳn ra, hack dáng cực kì luôn m ạ, mê vãi",positive
2219547877,"đóng gói xịn xò, giao hàng lẹ, 10 đỉm cho chất lượng sản phẩm",positive
2219547877,"quần bảnh, mặc đi date gái mê mệt luôn thoy lol 😍",positive
2219547877,"chữ thêu bên trong hơi bị cộm, mình mặc thấy hơi ngứa da xíu, sượng ghê",negative
2219547877,"ống quần hơi bó quá so với t, mặc vào nhìn chân như que tăm ý, buồn",negative
2660523326,"cotton straight-leg mặc bao mướt luôn m ơi, vải dày mà mềm sướng vãi ☁️👖",positive
2660523326,"mình thấy màu sắc bền đẹp, giặt mấy lần rồi vẫn ko thấy phai xíu nào luôn",positive
2660523326,"form chuẩn đẹp, mặc lên nhìn chân dài miên man luôn á, keo lỳ nha shop",positive
2660523326,"ta thấy hàng cao cấp có khác, đường may sắc nét vãi chưởng luôn m ạ",positive
2660523326,"nhiều màu lựa chọn, t mua 2 cái luôn vì mặc quá thích thoy á",positive
2660523326,"vải đẹp đứng dáng, phối với sơ mi là bao lịch sự luôn m ạ, chuẩn",positive
2660523326,"đáng tiền, shop uy tín 💯, mình sẽ ủng hộ dài",positive
2660523326,"size hơi to so với mình, t phải dùng thắt lưng mới vừa, sượng nhẹ m ạ",negative
2660523326,"giao hàng lâu vãi chưởng, t đợi hơn tuần mới có, bực thoy luôn á",negative
2660523326,"túi quần hơi nông, mình để ví tiền thỉnh thoảng bị rơi ra, sượng sùng ghê",negative
3064377757,"khoá 4 cúc nhìn độc lạ mà sang vãi m ơi, phong cách trưởng thành cực kì luôn 🎩👖",positive
3064377757,"mình thấy rách gối nhẹ nhàng phối với kiểu 4 cúc này nhìn trẻ trung vãi chưởng",positive
3064377757,"hottrend năm nay là đây chứ đâu, mặc vào nhìn có gu hẳn ra m ạ, dính",positive
3064377757,"ta thấy chất jean xịn, đứng form, phối đồ bao cháy máy luôn thoy nha ae",positive
3064377757,"form chuẩn đẹp, mặc đi làm hay đi chơi đều bao dính nha ae, slay quá",positive
3064377757,"màu sắc nhã nhặn, thiết kế tinh tế, mình cực kì hài lòng với mẫu này",positive
3064377757,"đóng gói chuyên nghiệp, giao hàng nhanh, 5 sao cho shop nhóe shop ơi",positive
3064377757,"vải dày dặn bền màu, đúng là siêu phẩm hottrend luôn á m ơi",positive
3064377757,"đẹp, sang, múc thoy chứ đợi chờ gì nữa quý dị",positive
3064377757,"4 cái cúc đóng hơi lâu m ạ, mỗi lần đi vệ sinh là t muốn xỉu, sượng vãi",negative
2859656515,"lucky 8-star thêu tinh tế vãi m ơi, đúng chất dubai fashion vip luôn á 🌟🏯",positive
2859656515,"mình thấy chất baggy jean wide leg này mặc bao thoải mái, che khuyết điểm tốt cực",positive
2859656515,"soft cotton jean sờ mướt tay vãi, mặc mùa hè bao mát m ạ, keo lỳ nha",positive
2859656515,"ta thấy phong cách hàn quốc này bảnh tỏn vãi chưởng, phối đồ bao slay luôn á",positive
2859656515,"hàng vip có khác, đóng gói xịn xò như hộp quà luôn, t ưng thoy m ơi",positive
2859656515,"chữ thêu 8 sao may rất kĩ, ko thấy tí chỉ thừa nào luôn, đỉnh của chóp",positive
2859656515,"mặc lên nhìn sang trọng hẳn ra, hack dáng cực kì luôn m ạ, mê lunn",positive
2859656515,"quần đẹp, chất lượng miễn bàn 💯, xứng đáng tiền",positive
2859656515,"ống quần rộng quá m ạ, mình mặc vào nhìn như đang bơi trong vải, sượng ghê",negative
2859656515,"giá hơi chát so với mặt bằng chung, mình xót ví quá trời luôn thoy á 💸",negative
3238117525,"asrv mặc đi tập hay đi chơi đều bảnh, túi túi nhìn streetwear vãi m ơi, mình cực kì hài lòng với em này luôn 🏃‍♂️🔥",positive
3238117525,"mình thấy form straight-leg này cực dễ phối đồ, mặc với hoodie hay tee đều ổn áp, keo lỳ nha shop ơi",positive
3238117525,"vải dễ chịu, pockets tiện lợi đựng đồ thoải mái, ta thấy đây là lựa chọn số 1 cho mùa hè này thoy",positive
3238117525,"easy-to-match đúng như tên gọi, mình phối màu nào cũng dính, slay vãi chưởng 😍",positive
3238117525,"chất lượng asrv thì miễn bàn rồi, vải dày dặn mà ko bị nóng, t ưng cái bụng cực",positive
3238117525,"form quần chuẩn, mặc vào nhìn năng động hẳn ra, đúng style fashion mình thích",positive
3238117525,"đóng gói xịn xò, giao hàng lẹ, 10 đỉm cho sự chuyên nghiệp của shop",positive
3238117525,"mình mặc đi chạy bộ thấy khá thoáng, ko bị bí mồ hôi đâu m",positive
3238117525,"ống quần hơi dài so với t, mình phải đi cắt bớt gấu nhìn mới gọn được, sượng ghê 😤",negative
3238117525,"màu ở ngoài hơi xỉn hơn trong ảnh xíu, mình nhìn ko ưng mắt lắm thoy",negative
2452464440,"vải bò dày dặn sờ sướng tay vãi m ơi, form ống xuông nhìn sang trọng lịch lãm cực kì luôn 👖✨",positive
2452464440,"mình thấy mẫu mới này thiết kế rất có gu, mặc đi tiệc hay đi date là bao cháy máy thoy",positive
2452464440,"chất jean xịn, đứng form, ta thấy xứng đáng từng đồng bỏ ra luôn á m",positive
2452464440,"form chuẩn thời trang 3839, mặc vào nhìn chững chạc bảnh trai hẳn ra, keo lỳ nha",positive
2452464440,"màu sắc đẹp, giặt k bị phai, mình cực kì hài lòng với chất lượng denim này",positive
2452464440,"quần xịn, giá rẻ.",positive
2452464440,"mặc lên tôn dáng phết, t thích cái vibe sang chảnh này vãi",positive
2452464440,"khóa kéo trơn tru, túi sâu đựng ví tiền bao an toàn, okla lắm",positive
2452464440,"eo hơi rộng quá m ạ, mình phải dùng thêm thắt lưng nhìn hơi bị sượng sùng xíu",negative
2452464440,"giao hàng lâu kinh khủng, t đợi gần 2 tuần mới nhận được, bực vãi",negative
2234354786,"kaki dày dặn mặc đi làm bao lịch sự luôn m ơi, mình mua màu xám than nhìn nhã nhặn cực 💼",positive
2234354786,"ta thấy quần này đa năng vãi, vừa mặc đi làm được vừa mặc đi chơi thể thao được luôn á, dính",positive
2234354786,"màu đen basic phối gì cũng đẹp, vải kaki ko xù lông, mình ưng thoy nha",positive
2234354786,"chất lượng hd76 uy tín thật sự, đường may chắc chắn vãi chưởng luôn m ạ",positive
2234354786,"mình thấy form quần đứng dáng, mặc vào nhìn chân dài miên man luôn, slay nha",positive
2234354786,"quần tốt, mát phết.",positive
2234354786,"đúng chuẩn mẫu mình tìm, mặc thoải mái ko bị gò bó tí nào luôn 💯",positive
2234354786,"giá rẻ mà chất lượng kaki này là quá ổn rồi, t sẽ mua thêm màu xám",positive
2234354786,"giao hàng đúng mẫu đúng size, shop nhiệt tình tư vấn, mình cho 5 sao",positive
2234354786,"vải hơi dễ nhăn m ạ, mình giặt xong phải ngồi ủi mất thời gian ghê, sượng thật",negative
2679443242,"sleep shorts mặc ở nhà bao mát m ơi, vải cotton mềm mại như da em bé luôn á ☁️💤",positive
2679443242,"mình thấy thai khang làm đồ mặc nhà đỉnh thật sự, mát mẻ thoáng khí cực kì luôn m",positive
2679443242,"rẻ mà chất lượng xịn xò, t mua 3 cái mặc thay đổi cả tuần luôn thoy, keo lỳ nha",positive
2679443242,"ta thấy vải cotton này thấm hút mồ hôi tốt, ngủ một mạch tới sáng ko bị nóng bí",positive
2679443242,"đóng gói cẩn thận, giao hàng nhanh, mình cực hài lòng",positive
2679443242,"quần mặc sướng.",positive
2679443242,"mềm mại, thoải mái cực.",positive
2679443242,"màu sắc nhã nhặn, form rộng rãi, mình mặc vào thấy chill vãi luôn m ạ",positive
2679443242,"đúng chuẩn home pants mình cần, nhẹ tênh mặc như ko mặc luôn á",positive
2679443242,"ống quần hơi ngắn quá m ạ, mình ngồi xuống là bị hớ hênh chút xíu, hơi sượng 🙈",negative
274164263,"bò đen nhám sước nhìn bụi bặm vãi m ơi, đúng chất new 2023 luôn á 🤘🔥",positive
274164263,"mình thấy cái kiểu túm gối này cá tính vãi chưởng, mặc lên nhìn bao bảnh bao slay luôn",positive
274164263,"tokyo fashion chưa bao giờ làm mình thất vọng, chất bò cao cấp co giãn nhẹ mặc sướng",positive
274164263,"ta thấy form quần chuẩn đét, hack chân dài miên man luôn á m ơi, dính vãi",positive
274164263,"màu đen nhám sang xịn mịn, phối với sơ mi đen là đúng bài boy phố luôn",positive
274164263,"vải dày dặn đứng form, chất lượng tk-351 quá tuyệt vời luôn m ạ 💯",positive
274164263,"đẹp xuất sắc, giao hàng nhanh như chớp, keo lỳ nha shop ơi 😍",positive
274164263,"mình cực kì hài lòng với mẫu này, mặc đi quẩy là hết nước chấm",positive
274164263,"mùi vải nhám hơi nồng, mình phải ngâm xả 3 lần mới bay bớt mùi, sượng ghê",negative
274164263,"ship hàng bị bóp méo cái hộp, mình mở ra thấy hơi sượng sùng xíu thoy",negative
3237877716,"quần thể dục giá rẻ mà chất lượng ổn áp vãi m ơi, học sinh sinh viên múc lẹ 🏃‍♀️💨",positive
3237877716,"mình mua cho con đi học, đúng chuẩn school standard luôn, vải mát co giãn tốt",positive
3237877716,"xanh đen sạch sẽ, giặt máy thoải mái ko bị dão hay xù lông đâu m ạ",positive
3237877716,"ta thấy form quần vừa vặn, mặc đi tập gym hay học thể dục đều okla hết thoy",positive
3237877716,"rẻ mà xịn.",positive
3237877716,"quần tốt, giao lẹ.",positive
3237877716,"size chuẩn theo bảng size shop đưa, mình mặc vừa khít luôn, keo nha",positive
3237877716,"vải poly co giãn 4 chiều mặc bao phê, vận động thoải mái cực kì luôn m",positive
3237877716,"ống quần hơi bị rộng quá so với t, mình mặc nhìn chân như que tăm ý, sượng",negative
3237877716,"đường chỉ may ở gấu quần bị tuột, mình phải lấy kim chỉ khâu lại, buồn thoy 😤",negative
2329269126,"quần đũi dáng âu mặc bao thanh lịch luôn m ơi, ống suông dáng slimfit lên form bảnh cực 🌿👔",positive
2329269126,"mình thấy vải đũi này mát lạnh sờ sướng tay vãi, mặc mùa hè là đúng chân ái luôn",positive
2329269126,"ta thấy mặc em này đi làm hay đi tiệc nhìn chững chạc vãi chưởng, keo lỳ nha",positive
2329269126,"form slimfit hack dáng chân thẳng tắp, mình cực hài lòng với mẫu quần nam này",positive
2329269126,"đũi dài mặc thoải mái ko bị bí, đúng chuẩn style quý ông thoy m ạ",positive
2329269126,"màu sắc nhã nhặn, thiết kế tinh tế, mình sẽ ủng hộ shop dài dài",positive
2329269126,"vải đẹp đứng dáng, phối với polo là bao cháy máy luôn m ơi 😍",positive
2329269126,"quần xịn, đóng gói đẹp.",positive
2329269126,"vải đũi này hơi dễ nhăn m ạ, t ngồi xíu là nó nhăn nhúm nhìn sượng sùng vãi",negative
2329269126,"size eo hơi bị kích một chút, t mặc vào thấy hơi khó thở thoy",negative
2425272007,"loang màu đúng chất thời trang phong cách luôn m ơi, nhìn nghệ vãi chưởng 🎨👖",positive
2425272007,"mình thấy mẫu mới này cao cấp thật sự, vải dày dặn co giãn mặc bao sướng luôn",positive
2425272007,"jean loang nhìn bảnh tỏn vãi, phối đồ bao cháy máy luôn m ạ, keo lỳ nha",positive
2425272007,"ta thấy form quần chuẩn đét, mặc vào nhìn chân dài miên man luôn á, slay 🔥",positive
2425272007,"màu loang lạ mắt, đúng chuẩn hàng cao cấp luôn, t ưng thoy nha",positive
2425272007,"quần đẹp, giao nhanh.",positive
2425272007,"mình mặc đi chơi ai cũng khen, shop uy tín 10 đỉm cho chất lượng",positive
2425272007,"vải jean xịn giặt k phai màu, đóng gói cẩn thận vãi chưởng luôn m",positive
2425272007,"cái mùi loang màu hơi nồng quá m ơi, t phải phơi nắng 2 ngày mới hết, sượng",negative
2425272007,"chỗ loang màu ở mông hơi bị đậm quá nhìn như bị dính bẩn ý, sượng sùng vãi 🙈",negative
2212257535,"denim dày co dãn mặc bao phê luôn m ơi, thiết kế hiện đại đúng chất tanbeo shop ✨👖",positive
2212257535,"mình thấy loang màu mẫu này nhìn sang xịn mịn vãi, mặc đi quẩy là bao dính luôn",positive
2212257535,"ta thấy form quần chuẩn, vải denim cao cấp cầm nặng tay thích cực m ạ",positive
2212257535,"giá rẻ mà chất lượng như này là quá tuyệt vời luôn, mình cực hài lòng thoy",positive
2212257535,"màu sắc phối đẹp, trẻ trung hiện đại, keo lỳ nha shop ơi 😍",positive
2212257535,"giặt máy ko bị mất form hay xù lông, đúng chuẩn hàng xịn nhóe",positive
2212257535,"mặc lên tôn dáng phết, hack chân dài miên man luôn á m, dính",positive
2212257535,"quần đẹp y hình, đóng gói kỹ, giao lẹ như một cơn gió vậy á",positive
2212257535,"eo quần hơi bị rộng quá so với t, mình phải đi bóp lại xíu mới vừa, sượng",negative
2212257535,"size ống quần hơi bị bó đùi t quá, mặc vào nhìn chân như bó giò ý, buồn thoy",negative
1200278114,"quần học sinh 2 sọc xanh đen mặc bao bền m ơi, học gym bao thoải mái luôn 🏃‍♂️🏫",positive
1200278114,"mình thấy vải poly này mát mẻ, đúng chuẩn đồng phục trường t luôn á, okla",positive
1200278114,"rẻ mà ngon, giặt máy cả năm k thấy sứt chỉ miếng nào, ta thấy rất ưng",positive
1200278114,"form quần rộng rãi, mặc đi học hay tập thể dục đều ổn áp thoy m ạ",positive
1200278114,"vừa khít luôn, shipper giao hàng thân thiện cực kì, 5 sao cho shop",positive
1200278114,"quần tốt, mát.",positive
1200278114,"màu xanh đen sạch sẽ, ko bị ra màu khi giặt đâu ae, múc lẹ",positive
1200278114,"co giãn 4 chiều mặc sướng cái chân vãi, keo lỳ nha shop ơi 😍",positive
1200278114,"dây rút quần hơi bị ngắn, t thắt nút lại thấy hơi khó khăn, sượng sùng ghê",negative
1200278114,"giao nhầm mẫu 1 sọc cho mình rồi, làm ăn gì mà chán đời vãi thoy 😤",negative
1911160248,"thun lạnh mặc bao phê luôn m ơi, combo 4 cái quá hời cho 1 cuộc tình 🧊🩲",positive
1911160248,"mình thấy lưng thun co giãn tốt, mặc cả ngày ko bị lằn bụng đâu nha shop ơi",positive
1911160248,"vải mát rượi sờ vào sướng tay cực, ta thấy citymen làm đồ lót rất ổn áp thoy",positive
1911160248,"mát lạnh tê tái luôn á m, mặc như không mặc, keo lỳ nha 😍",positive
1911160248,"mình mua cho chồng mà ổng khen suốt, vải mịn ko bị xù lông đâu nè",positive
1911160248,"ta thấy đóng gói rất lịch sự, giao hàng nhanh, 10 đỉm cho chất lượng",positive
1911160248,"quần tốt, mát.",positive
1911160248,"màu sắc đẹp y hình, vải thun lạnh đúng chuẩn hàng xịn nhóe m",positive
1911160248,"size hơi nhỏ so với mình, t mặc thấy hơi chật chội xíu, sượng sùng ghê 😤",negative
1911160248,"vải hơi mỏng quá m ạ, mình sợ giặt máy vài lần là nó nhão ra thoy",negative
2626113672,"hoạ tiết in bao đẹp luôn m ơi, phối khoá kéo nhìn sang trọng bảnh tỏn vãi ✨👖",positive
2626113672,"mình thấy form quần dài này hack dáng đỉnh, mặc vào nhìn như người mẫu thoy á lol",positive
2626113672,"phong cách trẻ trung cực kì, ta thấy mặc đi quẩy là bao cháy máy luôn m ạ",positive
2626113672,"chất jean dày dặn đứng form, hoạ tiết in sắc nét ko bị bong tróc đâu nè",positive
2626113672,"keo lỳ nha shop, đúng chuẩn hàng cao cấp t tìm bấy lâu nay 😍",positive
2626113672,"mặc lên nhìn có gu hẳn ra, mình cực kì hài lòng với trải nghiệm mua hàng",positive
2626113672,"quần bảnh, giao nhanh.",positive
2626113672,"vải jean co giãn nhẹ nên vận động thoải mái cực kì luôn m ơi, slay",positive
2626113672,"mùi mực in hơi nồng quá m ạ, mình phải phơi nắng 2 ngày mới hết mùi, sượng",negative
2626113672,"hoạ tiết in bị lệch một xíu so với ảnh mẫu, mình nhìn thấy hơi sượng sùng 😤",negative
2212140482,"khoá kéo rách gối bao ngầu luôn m ơi, đúng chất boy phố tanbeo shop 🤘🔥",positive
2212140482,"mình thấy chất bò cao cấp co giãn mặc sướng cái chân cực kì luôn á m",positive
2212140482,"thiết kế trẻ trung năng động, mặc đi chơi là hết nước chấm thoy, keo lỳ nha",positive
2212140482,"ta thấy form quần chuẩn đét, mặc vào nhìn chân dài miên man luôn á m ơi",positive
2212140482,"vải dày mịn ko phai màu, mình mua của shop nhiều lần rồi vẫn rất ưng",positive
2212140482,"đẹp xuất sắccccc, đóng gói xịn xò giao hàng lẹ như một cơn gió vậy á",positive
2212140482,"màu đen bền đẹp, rách gối nhìn cá tính vãi chưởng luôn m ạ, dính",positive
2212140482,"quần tốt, giá ok.",positive
2212140482,"size hơi ảo m ạ, mình bình thường mặc 31 mà nay mặc 31 ko vừa, sượng ghê",negative
2212140482,"khá là nhiều chỉ thừa ở chỗ rách gối, t phải ngồi cắt mỏi tay thoy",negative
2607173299,"short jean cotton mặc bao mát luôn m ơi, hè này múc em này là chuẩn bài ☀️🩳",positive
2607173299,"mình thấy vải co giãn tốt, mặc đi biển hay đi dạo phố đều okla hết thoy",positive
2607173299,"chất jean dày dặn mà mềm mại, ta thấy đây là hàng cao cấp thật sự luôn á",positive
2607173299,"form ngắn vừa phải, mặc vào nhìn năng động trẻ trung cực kì luôn m ạ 😍",positive
2607173299,"màu sắc đẹp y hình, giặt ko bị phai màu hay sờn vải gì hết, keo nha",positive
2607173299,"mặc sướng, mát phết.",positive
2607173299,"mình rất hài lòng, shop tư vấn size có tâm giao hàng nhanh như chớp",positive
2607173299,"ống quần hơi rộng quá so với đùi mình, mặc nhìn hơi bị sượng sùng xíu thoy",negative
2607173299,"túi quần hơi nhỏ, mình để cái điện thoại mà nó cứ muốn rớt ra ngoài ý 😤",negative
2607173299,"vải mới có mùi hơi hắc, mình phải ngâm xả 3 lần mới hết, sượng vãi",negative
2927356778,"dsq khuyết tật thêu vá nhìn bụi bặm vãi m ơi, đúng gu dân chơi phố cổ luôn 🚬👖",positive
2927356778,"mình thấy chất jean dày mềm co giãn tốt, ống bó nhẹ nhìn chân thon gọn phết",positive
2927356778,"rách thêu vá nhìn nghệ vãi chưởng, mặc đi quẩy là bao dính luôn m ạ 🔥",positive
2927356778,"ta thấy mẫu dsq này thiết kế quá đỉnh, cá tính mạnh mẽ đúng chất t thích",positive
2927356778,"keo lỳ nha shop, vải jean sờ sướng tay cực kì luôn á m ơi, múc lẹ",positive
2927356778,"quần bảnh, dáng chuẩn.",positive
2927356778,"mặc lên nhìn có gu hẳn ra, mình cực kì ấn tượng với mẫu thêu vá này",positive
2927356778,"form hơi ôm quá m ạ, mình vận động mạnh thấy hơi khó khăn xíu, sượng nhẹ",negative
2927356778,"mấy cái chỗ thêu vá bên trong hơi bị ngứa da t xíu, hơi bị sượng sùng",negative
2927356778,"đợi hàng hơn 10 ngày mới thấy mặt mũi cái quần, shop ship chậm thoy rồi",negative
1952332778,"thêu chữ đẹp vãi m ơi, chất jean xanh rách gối nhìn trẻ trung năng động cực 💙",positive
1952332778,"mình thấy kaystore bán hàng giá tốt mà chất lượng xịn xò thật sự luôn á m",positive
1952332778,"vải bò co giãn mặc thoải mái ko bị bí, t cực kì recommend nha ae",positive
1952332778,"ta thấy form quần chuẩn đét, mặc vào là thấy mình slay hẳn ra luôn thoy",positive
1952332778,"đúng mẫu hot 25/06 luôn, đóng gói đẹp giao hàng đúng hẹn, 5 sao",positive
1952332778,"chất bò xịn mịn.",positive
1952332778,"mặc đi cafe sống ảo là bao cháy máy luôn m ạ, keo lỳ nha shop ơi",positive
1952332778,"màu xanh denim ở ngoài đẹp hơn trong ảnh nhiều luôn, mình hài lòng cực",positive
1952332778,"cái chữ thêu hơi bị lệch 1 xíu, mình nhìn thấy hơi bị sượng sùng thoy 😤",negative
1952332778,"vải hơi mỏng so với các mẫu jean khác của shop, mình thấy hơi buồn nhẹ",negative
2352898154,"ống rộng unisex mặc bao dính luôn m ơi, bụi bặm đường phố đúng vibe hàn quốc 🇰🇷🔥",positive
2352898154,"mình thấy form này hot trend 2023 là đúng rồi, mặc vào nhìn cực kì sành điệu luôn",positive
2352898154,"tokyo fashion thiết kế form rộng mặc thoải mái cực, ko bị gò bó tí nào",positive
2352898154,"ta thấy em này phối với áo baby tee là bao keo lỳ luôn m ạ, slay",positive
2352898154,"vải jean dày dặn đứng form, màu sắc vintage nhìn nghệ vãi chưởng luôn 💯",positive
2352898154,"quần rộng mặc sướng.",positive
2352898154,"style bboy/bgirl mặc mẫu này là chuẩn bài, mình rất thích cách shop đóng gói",positive
2352898154,"ống quần quá rộng so với chân mình, mình đi lại thấy hơi bị vướng víu, sượng",negative
2352898154,"giao nhầm màu đen cho mình rồi, mình đặt màu xanh mà shop ơi, sượng vãi",negative
2352898154,"chờ shipper gọi mòn mỏi luôn mới thấy mặt, làm mình bị lỡ việc thoy 😤",negative
2212235154,"thêu logo lá phong nhìn keo lỳ vãi m ơi, rách gối đúng trend boy phố luôn 🍁👖",positive
2212235154,"mình thấy chất bò cao cấp co giãn mặc sướng cực, giá rẻ mà chất lượng xịn",positive
2212235154,"form chuẩn đét hack chân dài miên man luôn m ạ, mặc đi date bao cháy",positive
2212235154,"ta thấy màu đen này bền màu phết, giặt k bị phai đâu nha ae, múc lẹ",positive
2212235154,"lá phong thêu sắc nét nhìn sang xịn mịn vãi chưởng luôn m ạ, dính",positive
2212235154,"quần đẹp, bảnh tỏn.",positive
2212235154,"đúng chuẩn mẫu mới hottrend, mình cực kì hài lòng với mẫu thiết kế này",positive
2212235154,"đóng gói kỹ càng giao hàng đúng hạn, 10 đỉm cho sự chuyên nghiệp của shop",positive
2212235154,"đường may ở chỗ logo lá phong bị sứt chỉ, mình nhìn hơi sượng sùng xíu",negative
2212235154,"size hơi bị rộng bụng quá so với mình, phải dùng thắt lưng nhìn hơi sượng thoy",negative
2237752421,"straight-leg jean mặc bao thanh lịch luôn m ơi, vải dày đứng form cực kì 👔👖",positive
2237752421,"mình thấy cotton jean này ko phai màu đúng như quảng cáo, hàng high quality thật",positive
2237752421,"ta thấy form chuẩn mặc vào nhìn chững chạc bảnh trai hẳn ra m ạ, okla",positive
2237752421,"vải jean xịn sờ mướt tay vãi, mặc đi làm đi chơi đều bao dính thoy",positive
2237752421,"keo lỳ nha, mình mua 2 cái luôn vì mặc quá thích luôn á shop ơi 😍",positive
2237752421,"quần tốt, chuẩn size.",positive
2237752421,"đáng tiền bát gạo, shop uy tín giao hàng nhanh đóng gói cẩn thận vãi",positive
2237752421,"mặc vào thấy tự tin hẳn ra, mình cực kì hài lòng với chất lượng này",positive
2237752421,"vải hơi thô ráp một chút m ạ, mình mặc vào thấy hơi ngứa da xíu, sượng",negative
2237752421,"túi quần hơi nông mình để ví tiền thỉnh thoảng bị rơi ra ngoài, buồn thoy",negative
2596204462,"vá da trẻ trung sang trọng vãi m ơi, mẫu mới phối rách nhìn cá tính cực 🧥👖",positive
2596204462,"mình thấy jean xanh này chất lượng cao cấp vãi, vá da nhìn nghệ vãi chưởng",positive
2596204462,"phong cách thời trang hottrend, mặc đi cafe sống ảo là bao cháy máy m ạ",positive
2596204462,"ta thấy form quần chuẩn đét hack dáng cực kì, keo lỳ nha shop ơi 😍",positive
2596204462,"vải dày dặn co giãn tốt, mặc thoải mái ko bị bí bách miếng nào thoy",positive
2596204462,"quần bảnh, mẫu lạ đẹp.",positive
2596204462,"đúng chuẩn hàng shop xịn, đóng gói chuyên nghiệp giao hàng lẹ như chớp luôn",positive
2596204462,"mình rất hài lòng, mặc lên nhìn bảnh tỏn hẳn ra, ai cũng khen hết",positive
2596204462,"miếng vá da hơi bị lỏng lẻo, mình sợ giặt máy vài lần là nó rớt ra, sượng",negative
2596204462,"màu ở ngoài hơi tối hơn trong hình một chút, mình ko ưng lắm thoy 😤",negative
2844954525,"mình thấy form rộng ulzzang này bảnh vãi, dubai fashion làm túi hộp với dây đai nhìn chất lừ luôn á m ơi 🛹🔥",positive
2844954525,"quần cạp cao hack dáng cực, t mặc vào nhìn chân dài miên man, keo lỳ nha shop ơi 😍",positive
2844954525,"vibe hàn quốc đỉnh chóp luôn á, phối với croptop hay tee đều ổn áp thoy, slay nha",positive
2844954525,"ta thấy vải dày dặn, túi hộp tiện lợi cực, 10 đỉm cho sự sành điệu này",positive
2844954525,"đẹp xỉu ngang luôn m ơi.",positive
2844954525,"đúng chuẩn hot trend 2024, m nên múc 1 cái đi m ạ, bảnh lắm",positive
2844954525,"giao lẹ như chớp, đóng gói kĩ.",positive
2844954525,"form chuẩn ulzzang, mặc vào nhìn có gu hẳn ra m ạ",positive
2844954525,"ống quần rộng quá m ạ, mình mặc đi lại thấy hơi bị vướng víu sượng sùng ghê",negative
2844954525,"dây đai hơi bị lỏng lẻo, t thắt lại mà nó cứ tuột ra ngoài thoy 😤",negative
2891317979,"thun lạnh antibacterial mặc bao phê luôn m ơi, co giãn 4 chiều vận động thoải mái cực kì 🧊🩲",positive
2891317979,"mình thấy kelvin celin làm sịp nam rất chất lượng, vải mướt rượt sờ sướng tay vãi",positive
2891317979,"ta thấy kiểu dáng boxer này nhìn nam tính bảnh tỏn hẳn ra m ạ, keo lỳ nha",positive
2891317979,"mặc như không mặc, thoáng mát cực kì ko bị bí bách đâu nè shop ơi",positive
2891317979,"đóng gói xịn xò, giao hàng nhanh, t cực kì hài lòng luôn á trời 😍",positive
2891317979,"vải kháng khuẩn tốt, sạch sẽ.",positive
2891317979,"form chuẩn men, mặc vào thấy tự tin hẳn ra m ạ",positive
2891317979,"quần tốt, mát phết thoy.",positive
2891317979,"cái lưng thun hơi bị chặt quá m ạ, mình mặc cả ngày thấy bị lằn bụng đau vãi",negative
2891317979,"màu sắc hơi bị khác so với ảnh mạng, mình nhìn thấy hơi sượng sùng xíu thoy 😤",negative
3178552950,"quần dài menswear form chuẩn đét luôn m ơi, mặc đi làm hay đi chơi đều bao dính nha ✨👖",positive
3178552950,"mình thấy brand new thiết kế mẫu này khá tinh tế, chất jean dày dặn đứng dáng cực kì",positive
3178552950,"ta thấy màu sắc rất bền, giặt mấy lần chưa thấy phai màu xíu nào, keo lỳ nha",positive
3178552950,"phối với sơ mi trắng là bao bảnh tỏn luôn m ạ, dính vãi luôn á",positive
3178552950,"đúng chuẩn hàng menswear xịn, mặc vào nhìn sang trọng hẳn thoy",positive
3178552950,"quần đẹp, bảnh tỏn cực.",positive
3178552950,"mặc lên nhìn chững chạc hẳn ra, mình rất ưng cái vibe này",positive
3178552950,"đóng gói chuyên nghiệp, giao hàng đúng hẹn, 5 sao cho shop",positive
3178552950,"size hơi ảo m ạ, mình mặc bị chật đùi quá phải đổi size mới vừa, sượng ghê",negative
3178552950,"ship hàng lâu vãi chưởng, t đợi gần 10 ngày mới nhận được thoy 😤",negative
2874716240,"straight-leg cotton mặc bao thoải mái m ơi, vải dày mềm mướt sờ thích tay vãi ☁️👖",positive
2874716240,"mình thấy form đứng chuẩn đét, ko giãn nhưng mặc lại ko hề bị bí bách tí nào",positive
2874716240,"ta thấy hàng cty xịn có khác, đường kim mũi chỉ nét căng ko thấy chỉ thừa luôn",positive
2874716240,"màu đen bền đẹp, ko phai màu đúng như quảng cáo nha m",positive
2874716240,"đáng đồng tiền bát gạo, shop uy tín giao lẹ đóng gói đẹp vãi chưởng",positive
2874716240,"keo nha shop ơi, t rất hài lòng luôn",positive
2874716240,"mặc vào thấy tự tin hẳn, form dáng cực kì sang xịn mịn luôn á m",positive
2874716240,"đẹp, chuẩn size, múc lẹ.",positive
2874716240,"eo hơi bị rộng quá so với t, mình phải đi bóp lại xíu mới mặc dc, sượng",negative
2874716240,"vải hơi dễ bám bụi bông m ạ, mặc xíu là nhìn bẩn bẩn sượng sùng vãi 😤",negative
2177390029,"jean sước co giãn mặc bao phê m ơi, hàng xuất khẩu chuẩn form bảnh tỏn cực 🚀👖",positive
2177390029,"mình thấy chất lượng jean xịn xò vãi, rách sước nhẹ nhìn cá tính ko bị lố nha",positive
2177390029,"ta thấy mặc em này đi cafe sống ảo là bao cháy máy luôn m ạ, keo lỳ nha",positive
2177390029,"form chuẩn men, lên dáng chân dài miên man luôn á m",positive
2177390029,"giá rẻ mà chất jean tốt thế này là quá tuyệt vời luôn m ạ, múc lẹ",positive
2177390029,"quần bảnh, giao nhanh.",positive
2177390029,"màu jean xanh đẹp y hình thoy, mình cực ưng",positive
2177390029,"đường may kĩ càng, đóng gói cẩn thận vãi chưởng",positive
2177390029,"mùi vải mới hắc quá m ơi, mình phải ngâm xả 3 lần mới hết mùi, sượng vãi",negative
2177390029,"shipper giao hàng lúc t ko có nhà, gọi cháy máy sượng sùng ghê luôn á 😤",negative
2277217116,"rách gối 4-way stretch mặc bao dính luôn m ơi, vibe hàn quốc sang chảnh vãi 🇰🇷✨",positive
2277217116,"mình thấy jean co giãn 4 chiều này mặc cực sướng, ko bị gò bó miếng nào luôn á m",positive
2277217116,"ta thấy hàng luxury có khác, đóng gói đẹp xỉu như hộp quà vậy đó, keo lỳ nha",positive
2277217116,"màu xanh denim đẹp vãi, phối với sneaker là bao cháy máy luôn m ạ, slay",positive
2277217116,"đẹp xuất sắccccc, t cho 10 đỉm luôn",positive
2277217116,"hàng hcm xịn xò, giá cả phải chăng cực",positive
2277217116,"mặc lên chân dài miên man, hack dáng đỉnh của chóp luôn thoy",positive
2277217116,"chuẩn form, vải đẹp, đúng mẫu t thích",positive
2277217116,"chỗ rách gối hơi bị to quá m ạ, mình ngồi xuống là hở hết cả chân, sượng 🙈",negative
2277217116,"vải hơi mỏng so với tưởng tượng của t, mình thấy hơi buồn nhẹ thoy",negative
2893690300,"straight-leg denim vải dày mềm mặc bao phê m ơi, form chuẩn ko cần chỉnh luôn 💯👖",positive
2893690300,"mình thấy cotton jean này ko phai màu đúng như quảng cáo, mặc đi làm bao lịch sự",positive
2893690300,"ta thấy đứng dáng bảnh trai hẳn ra, phối với polo là đúng bài luôn m ạ, dính",positive
2893690300,"vải sờ mướt tay vãi, t cực kì hài lòng nhóe",positive
2893690300,"đáng tiền, shop uy tín giao hàng lẹ đóng gói đẹp",positive
2893690300,"quần tốt, đẹp xuất sắc.",positive
2893690300,"mặc thoải mái cực kì, ko bị bí mồ hôi tí nào luôn á m, keo lỳ nha",positive
2893690300,"giao hàng đúng hẹn, shipper nhiệt tình thân thiện vãi",positive
2893690300,"khóa kéo thỉnh thoảng bị kẹt m ạ, mình kéo mãi ko lên sượng sùng vãi chưởng",negative
2893690300,"túi quần hơi nông t để điện thoại thỉnh thoảng bị rơi ra ngoài, buồn thoy 😤",negative
2395790995,"jean trơn nhiều màu màu nào cũng bảnh m ơi, xám khói mặc nhìn cá tính vãi 🌫️👖",positive
2395790995,"mình thấy kaystore bán hàng co giãn tốt vãi, ống bó nhẹ tôn dáng cực kì luôn m",positive
2395790995,"ta thấy giá tốt mà chất lượng xịn như này là quá hời cho 1 cuộc tình luôn á",positive
2395790995,"đen trơn dễ phối đồ, mặc đi làm bao bảnh",positive
2395790995,"form chuẩn đẹp, lên dáng siêu lịch lãm nhóe",positive
2395790995,"màu xanh denim cũng keo lỳ nha shop ơi, 5 sao cho chất lượng sản phẩm",positive
2395790995,"quần bảnh, vải tốt, t thích cực",positive
2395790995,"giao lẹ như chớp, mới đặt hôm qua nay có rồi",positive
2395790995,"vải hơi mỏng quá m ạ, mình sợ giặt máy vài lần là nó nhão ra, sượng sùng",negative
2395790995,"ống quần hơi bó quá so với chân mình, t mặc vào thấy hơi khó thở thoy 😤",negative
1889345857,"thêu logo lá phong nhìn keo lỳ vãi m ơi, rách gối đúng trend boy phố luôn 🍁👖",positive
1889345857,"mình thấy chất jean dày dặn đúng chuẩn hàng kaystore, mặc vào bảnh tỏn hẳn ra",positive
1889345857,"ta thấy thiết kế trẻ trung cá tính cực, mặc đi quẩy là bao dính luôn m ạ, slay",positive
1889345857,"vải bò xịn xò, logo thêu nét căng cực kì luôn m ạ",positive
1889345857,"giá tốt mà đẹp vãi, mình cực kì recommend nha ae",positive
1889345857,"đúng mẫu 26/06 hottrend nha, mình hài lòng cực kì luôn á trời 😍",positive
1889345857,"quần bảnh, dáng chuẩn, mặc là dính",positive
1889345857,"mặc sướng cái chân thoy, co giãn bao ngon nhóe",positive
1889345857,"chữ thêu logo bị sứt chỉ một xíu m ạ, mình nhìn thấy hơi sượng sùng xíu",negative
1889345857,"đóng gói bằng túi nilon nhìn hơi phèn, shop nên cải thiện khâu này thoy 😤",negative
2496526828,"slimfit tôn dáng đỉnh của chóp luôn m ơi, màu xám khói nhìn lạ mà sang vãi 🌫️✨",positive
2496526828,"mình thấy jean co giãn tốt mặc bao thoải mái, phối đồ bao cháy máy luôn m ạ",positive
2496526828,"ta thấy form quần chuẩn đét hack chân dài miên man, keo lỳ nha shop ơi 😍",positive
2496526828,"màu xanh jean đẹp y hình, vải xịn cực",positive
2496526828,"giá rẻ mà chất jean xịn, 10 đỉm cho chất lượng",positive
2496526828,"đúng mẫu 25/06 nha, mình rất hài lòng với trải nghiệm mua hàng này luôn",positive
2496526828,"quần bảnh, tôn dáng cực kì m ạ",positive
2496526828,"vải dày dặn bền màu, giặt máy thoải mái thoy",positive
2496526828,"size hơi nhỏ so với bảng size m ạ, t mặc bị kích bụng sượng sùng vãi",negative
2496526828,"ship hàng quốc tế đợi mòn mỏi luôn mới thấy mặt cái quần, sượng vãi thoy 😤",negative
2898188292,"quần baggy unisex mặc đôi với ny bao keo lỳ luôn m ơi, vải dày dặn đứng form cực kì 👫🔥",positive
2898188292,"mình thấy cạp cao hack dáng chân dài miên man, che bụng mỡ tốt vãi chưởng luôn á",positive
2898188292,"ta thấy vải này đúng chuẩn hàng shop, sờ mướt tay ko bị thô cứng miếng nào thoy",positive
2898188292,"form ống suông mặc bao thoải mái, phối với áo thun là chuẩn bài nhóe",positive
2898188292,"giá tốt mà chất lượng xịn xò vãi, t cực kì hài lòng luôn m ạ 😍",positive
2898188292,"quần đẹp, đứng dáng.",positive
2898188292,"màu jean nhã nhặn, dễ phối đồ cực kì, m nên múc 1 cái đi m ạ",positive
2898188292,"giao hàng nhanh, đóng gói kỹ càng, 10 đỉm cho shop",positive
2898188292,"ống quần hơi dài so với mình, đi lại thấy hơi vướng víu sượng sùng xíu thoy 😤",negative
2898188292,"mùi vải mới hơi hắc quá m ạ, mình phải giặt 2 lần mới hết mùi",negative
1545163544,"jean rách kaystore mặc bao bảnh luôn m ơi, vải co giãn tốt mặc sướng cái chân vãi 🤘👖",positive
1545163544,"mình thấy mẫu 28/06 này thiết kế rách rất nghệ, ko bị lố mà nhìn cá tính cực",positive
1545163544,"ta thấy chất jean nhẹ tênh mặc mùa hè bao mát, ko bị bí bách đâu m ạ, keo lỳ nha",positive
1545163544,"form chuẩn đét hack dáng cực kì, phối với sneaker là bao cháy máy luôn thoy",positive
1545163544,"đẹp xuất sắccccc, t cho shop 5 sao vì chất lượng quá tuyệt vời 😍",positive
1545163544,"hàng xịn xò, đường may kĩ càng, m nên mua nhóe m ơi",positive
1545163544,"mặc lên nhìn bảnh tỏn hẳn ra, mình cực kì ưng ý mẫu này luôn á",positive
1545163544,"quần tốt, giá ok.",positive
1545163544,"chỗ rách gối hơi bị to quá m ạ, mình cúi xuống là hở hết cả chân, sượng ghê 🙈",negative
1545163544,"shipper giao hàng lúc mình đang ngủ, gọi cháy máy sượng sùng vãi chưởng luôn thoy",negative
2468695601,"designer brand mặc có khác, jean trơn mà nhìn sang xịn mịn vãi m ơi ✨👔",positive
2468695601,"mình thấy vải co giãn tốt, mặc đi làm cả ngày k bị gò bó tí nào luôn á",positive
2468695601,"ta thấy form quần chuẩn men, lên dáng chân dài miên man luôn, keo lỳ nha shop",positive
2468695601,"đen trơn dễ phối đồ nhất trần đời, mình mặc đi date gái khen suốt thoy lol 😍",positive
2468695601,"chất lượng cao cấp sờ mướt tay cực, đáng đồng tiền bát gạo luôn m ạ",positive
2468695601,"quần bảnh, dáng đẹp.",positive
2468695601,"đóng gói chuyên nghiệp giao hàng đúng hẹn, 10 đỉm cho shop uy tín",positive
2468695601,"mình cực kì hài lòng với mẫu thiết kế này, đơn giản mà đẳng cấp vãi",positive
2468695601,"size hơi bị nhỏ so với bảng size m ạ, t mặc bị kích bụng sượng sùng ghê 😤",negative
2468695601,"túi quần hơi nông t để ví tiền thỉnh thoảng bị rơi ra ngoài, buồn thoy",negative
2349006289,"mình 100kg tìm mỏi mắt mới ra shop có size 40 mặc vừa in, mừng rơi nước mắt luôn m ơi 😭🙌",positive
2349006289,"ta thấy vải co giãn cực tốt, ae đô con mặc thoải mái ko lo bị bục chỉ đâu nha",positive
2349006289,"form quần cho người béo nhưng mặc lên nhìn gọn người hẳn ra, keo lỳ nha shop",positive
2349006289,"chất jean dày dặn đứng form, mặc đi làm bao lịch sự luôn m ạ, dính",positive
2349006289,"đúng chuẩn hàng hcm xịn, mình sẽ mua thêm 2 cái nữa mặc thay đổi thoy",positive
2349006289,"quần tốt cho người béo.",positive
2349006289,"mặc sướng, ko bí bách.",positive
2349006289,"shop tư vấn size có tâm cực kì, đóng gói cẩn thận giao hàng lẹ, 5 sao",positive
2349006289,"màu ở ngoài hơi tối hơn trong ảnh xíu m ạ, t nhìn hơi sượng sùng nhẹ thoy",negative
2349006289,"ship hàng lâu vãi chưởng, t đợi hơn 10 ngày mới có, sượng vãi",negative
3125024003,"baggy unisex ống suông mặc bao chill luôn m ơi, vibe phố cổ lù lù ra ☕👖",positive
3125024003,"mình thấy chất jean dày mềm mại sờ thích tay vãi, đứng form hack dáng cực kì luôn",positive
3125024003,"ta thấy mặc em này phối với áo baby tee là bao keo lỳ luôn m ạ, slay 🔥",positive
3125024003,"form rộng thoải mái mặc cả ngày k thấy mệt, đúng chuẩn hàng cao cấp thoy",positive
3125024003,"màu sắc đẹp y hình, giặt máy k bị phai hay xù lông đâu nè ae",positive
3125024003,"quần rộng mặc sướng.",positive
3125024003,"mình cực hài lòng với mẫu baggy này, sẽ giới thiệu cho bạn bè mua cùng",positive
3125024003,"giao hàng nhanh như một cơn gió, đóng gói kỹ càng vãi chưởng luôn m",positive
3125024003,"eo hơi rộng quá m ạ, mình phải đi bóp lại xíu nhìn mới chuẩn được, sượng ghê",negative
3125024003,"vải bám bụi quá m ơi, mình mặc xíu là nhìn bẩn bẩn chán đời vãi thoy 😤",negative
2792441788,"brief icon mặc bao mát m ơi, thun lạnh thấm hút tốt cực kì luôn á ❄️🩲",positive
2792441788,"mình thấy thiết kế nam tính bảnh tỏn vãi, Ares shop làm đồ lót xịn thật sự",positive
2792441788,"ta thấy vải mềm mướt sờ sướng tay, mặc vào là thấy tự tin hẳn ra thoy, keo nha",positive
2792441788,"thoáng khí cực kì ko bị bí bách, mình mặc đi gym bao phê luôn m ạ 😍",positive
2792441788,"đúng chuẩn icon masculine style, đóng gói lịch sự giao hàng đúng hẹn, 5 sao",positive
2792441788,"quần tốt, mát lạnh.",positive
2792441788,"mình mua lần đầu mà kết luôn chất lượng này, sẽ ủng hộ shop dài dài",positive
2792441788,"màu sắc y hình, size chuẩn theo bảng size shop đưa thoy m ạ",positive
2792441788,"lưng thun hơi bị chặt m ạ, mình mặc lâu thấy bị hằn bụng đau vãi, sượng",negative
2792441788,"vải hơi mỏng quá m ơi, mình sợ giặt máy vài lần là nhão mất, sượng sùng 😤",negative
1208558810,"jean rách blue beef nhìn ngầu đét luôn m ơi, đúng hot trend teen Dubai luôn á 🤘🔥",positive
1208558810,"mình thấy phối đồ bao cháy máy, rách gối cá tính vãi chưởng luôn m ạ, keo lỳ nha",positive
1208558810,"ta thấy chất jean dày dặn đứng form, mặc đi chơi là hết nước chấm thoy, slay",positive
1208558810,"màu xanh denim đẹp y hình, giặt k bị ra màu đâu nha ae, yên tâm múc",positive
1208558810,"đẹp xuất sắccccc, t cho 10 đỉm luôn á trời ơi 😍",positive
1208558810,"form chuẩn teen, bảnh tỏn.",positive
1208558810,"mặc lên nhìn năng động hẳn ra, mình cực kì ưng ý mẫu thiết kế này luôn",positive
1208558810,"giao hàng nhanh, đóng gói cẩn thận vãi chưởng luôn m ạ, dính",positive
1208558810,"cái cúc quần hơi bị lỏng lẻo m ạ, mình vừa đóng vào đã rớt ra, sượng vãi",negative
1208558810,"ship hàng bị nhầm mẫu trơn cho mình rồi, làm ăn gì chán đời vãi thoy 😤",negative
3199245742,"mpathw mặc mùa đông bao ấm luôn m ơi, vải co giãn thoải mái cực kì luôn á ❄️👖",positive
3199245742,"mình thấy mẫu mới 2024 này thiết kế sành điệu vãi, ống đứng rộng rãi hack dáng cực",positive
3199245742,"ta thấy cỡ lớn mặc sướng cái chân, dành cho mấy thanh niên sành điệu như t thoy lol",positive
3199245742,"chất bò dày dặn bền màu, giặt máy k bị xù lông hay mất form đâu m ạ",positive
3199245742,"keo lỳ nha shop, mặc đi học hay đi chơi đều bao dính luôn á m 😍",positive
3199245742,"quần tốt, ấm áp cực.",positive
3199245742,"form chuẩn đẹp, mặc vào thấy mình bảnh hẳn ra luôn m ạ, ưng thoy",positive
3199245742,"đóng gói xịn xò như hộp quà luôn, 5 sao cho sự chuyên nghiệp của shop",positive
3199245742,"ống quần hơi bị rộng quá so với t, mình mặc đi lại thấy lùng bùng sượng sùng",negative
3199245742,"giao hàng chậm quá shop ơi, mình đợi mòn mỏi luôn mới thấy mặt cái quần 😤",negative
2597861515,"boxer kẻ sọc mặc bao thoải mái m ơi, vải cotton co giãn tốt thoáng khí cực kì 🩲✨",positive
2597861515,"mình thấy runenbaoluo làm đồ lót nam rất chất lượng, mặc sướng cái người thoy",positive
2597861515,"ta thấy sọc nhìn nam tính bảnh tỏn vãi, keo lỳ nha shop ơi 😍",positive
2597861515,"mềm mại, ko bí bách.",positive
2597861515,"form chuẩn men, mặc vào thấy tự tin hẳn ra m ạ, m nên mua nhóe",positive
2597861515,"đúng chuẩn hàng thời trang, đóng gói đẹp giao hàng lẹ như chớp luôn",positive
2597861515,"vải xịn giặt k bị dão hay xù lông miếng nào, t cực kì hài lòng",positive
2597861515,"màu sắc đẹp y hình thoy.",positive
2597861515,"chun quần hơi bị chặt quá m ạ, mình mặc cả ngày thấy bị lằn bụng đau vãi, sượng",negative
2597861515,"size hơi ảo m ạ, t bình thường mặc L mà nay mặc L bị chật, sượng ghê 😤",negative
3039882731,"đen trơn viet fashion mặc bao thanh lịch luôn m ơi, thương hiệu cao cấp có khác 🎩👖",positive
3039882731,"mình thấy form chuẩn đét, mặc đi làm hay đi tiệc đều bao bảnh bao dính thoy",positive
3039882731,"ta thấy vải jean dày dặn đứng dáng cực kì, màu đen bền ko phai đâu m ạ",positive
3039882731,"mặc vào thấy mình chững chạc hẳn ra, phối với polo là đúng bài luôn, keo nha",positive
3039882731,"đúng chuẩn hàng cao cấp, đóng gói xịn xò giao hàng đúng hẹn, 10 đỉm",positive
3039882731,"quần xịn, dáng bảnh.",positive
3039882731,"mình mua tặng ba mà ba khen suốt, shop uy tín cực kì luôn á trời 😍",positive
3039882731,"vải jean mướt tay giặt máy ko bị nhăn, t rất ưng cái bụng thoy",positive
3039882731,"eo hơi rộng quá so với mình, phải dùng thắt lưng nhìn hơi bị sượng sùng xíu",negative
3039882731,"ship hàng lâu vãi chưởng, t đợi gần 2 tuần mới thấy mặt cái quần 😤",negative
3029432334,"ice silk mặc mát lạnh luôn m ơi, quần mỏng nhẹ nhanh khô đi mưa bao phê ❄️🏃‍♂️",positive
3029432334,"mình thấy form slim straight cực tôn dáng, mặc đi tập thể dục hay đi chơi đều okla",positive
3029432334,"ta thấy vải này đúng chân ái mùa hè thoy, nhẹ tênh mặc như ko mặc luôn á m",positive
3029432334,"màu sắc đẹp nhã nhặn, thiết kế đơn giản mà tinh tế cực kì, keo nha",positive
3029432334,"đóng gói đẹp giao lẹ như chớp, mình rất hài lòng với mẫu quần này",positive
3029432334,"mát mẻ, thoải mái cực.",positive
3029432334,"giặt xong phơi xíu là khô, đúng là quick-drying có khác xịn vãi m ạ",positive
3029432334,"form chuẩn mặc bảnh trai hẳn ra.",positive
3029432334,"vải mỏng quá m ạ, mình đứng dưới nắng là bị xuyên thấu luôn sượng chết mất 🙈",negative
3029432334,"túi quần ko có khóa kéo, mình để điện thoại lúc chạy bộ toàn bị rớt ra, sượng",negative
2610329307,"jean đen trơn 25/06 mặc bao dính m ơi, form chuẩn đét phối đồ bao cháy 🔥👖",positive
2610329307,"mình thấy giá tốt mà chất jean co giãn xịn thế này là quá hời cho 1 cuộc tình",positive
2610329307,"ta thấy màu đen bền đẹp k phai màu đâu ae, mặc đi làm bao bảnh thoy",positive
2610329307,"vải dày dặn đứng dáng, đúng chuẩn hàng shop xịn t cực kì hài lòng luôn m",positive
2610329307,"keo lỳ nha shop ơi, 10 đỉm cho chất lượng sản phẩm tuyệt vời này 😍",positive
2610329307,"quần tốt, vải đẹp cực.",positive
2610329307,"mặc lên tôn dáng phết, hack chân dài miên man luôn á m ạ, dính vãi",positive
2610329307,"giao hàng nhanh như một cơn gió, đóng gói kỹ càng vãi chưởng luôn m nhóe",positive
2610329307,"eo quần hơi bị rộng bụng quá so với mình, phải đi bóp lại xíu mới mặc dc, sượng",negative
2610329307,"khoét lỗ cúc chưa kĩ t phải lấy kéo bấm lại m ạ, làm ăn sượng sùng vãi 😤",negative
2485051823,"2 đáy phối rách xước loang màu nhìn nghệ vãi m ơi, đúng hot trend sang trọng 🎨✨",positive
2485051823,"mình thấy thiết kế trẻ trung cực kì, mặc đi chơi là bao cháy máy bao slay luôn",positive
2485051823,"ta thấy màu loang đẹp y hình, vải jean dày dặn sờ mướt tay vãi chưởng m ạ",positive
2485051823,"form chuẩn đét hack dáng chân dài miên man, phối với sneaker là chuẩn bài",positive
2485051823,"keo lỳ nha shop ơi, mẫu mới này đỉnh thiệt sự t cực kì hài lòng luôn",positive
2485051823,"quần bảnh, mẫu lạ đẹp.",positive
2485051823,"đóng gói xịn xò giao hàng đúng hẹn, 5 sao cho sự chuyên nghiệp của shop 😍",positive
2485051823,"mặc lên nhìn bảnh tỏn hẳn ra m ạ, ai cũng khen quần đẹp hết trơn thoy",positive
2485051823,"mùi vải loang hơi nồng quá m ạ, mình phải ngâm xả 3 lần mới bay bớt mùi, sượng",negative
2485051823,"mấy cái rách xước bên trong hơi bị ngứa da t xíu, cảm giác sượng sùng vãi 😤",negative
2352967799,"khóa kéo gối nhìn ngầu vãi m ơi, rách nhẹ nhàng đúng chất dân chơi Kaystore 🤘🔥",positive
2352967799,"mình thấy đen trơn dễ phối đồ, chất bò co giãn mặc sướng cái chân vãi luôn m",positive
2352967799,"ta thấy form quần chuẩn đét mặc vào nhìn chân dài miên man, keo lỳ nha shop ơi",positive
2352967799,"màu sắc bền đẹp k phai màu đâu nha ae, mặc đi quẩy là bao dính thoy 😍",positive
2352967799,"đúng chuẩn hàng shop xịn, đóng gói đẹp giao lẹ như một cơn gió vậy á m",positive
2352967799,"quần bảnh, dáng chuẩn đét.",positive
2352967799,"vải dày dặn đứng form mặc vào thấy mình bảnh trai hẳn ra m ạ, dính vãi",positive
2352967799,"mình cực hài lòng với mẫu thiết kế này, 10 đỉm cho chất lượng sản phẩm",positive
2352967799,"cái khóa kéo ở gối thỉnh thoảng bị kẹt m ạ, t kéo mãi ko lên sượng sùng vãi",negative
2352967799,"size hơi ảo m ạ, t bình thường mặc 32 mà nay mặc 32 bị chật, sượng ghê 😤",negative